"","id","response","task","block","Resp"
"1","ucjf5it7",0,"Affilitation_Avoidance","second",100
"2","ucjf5it7",65,"Affilitation_Acceptance","second",65
"3","ucjf5it7",71,"Affilitation_Generosity","second",71
"4","ucjf5it7",0,"Affilitation_Hostility","second",100
"5","ucjf5it7",57,"Affilitation_Gratitude","second",57
"6","ucjf5it7",0,"Affilitation_Distrust","second",100
"7","ucjf5it7",65,"Affilitation_Sympathy","second",65
"8","x15hufum",50,"Affilitation_Acceptance","second",50
"9","x15hufum",14,"Affilitation_Hostility","second",86
"10","x15hufum",6,"Affilitation_Distrust","second",94
"11","x15hufum",38,"Affilitation_Avoidance","second",62
"12","x15hufum",51,"Affilitation_Sympathy","second",51
"13","x15hufum",50,"Affilitation_Generosity","second",50
"14","x15hufum",50,"Affilitation_Gratitude","second",50
"15","wopxcyrw",66,"Affilitation_Sympathy","second",66
"16","wopxcyrw",62,"Affilitation_Acceptance","second",62
"17","wopxcyrw",40,"Affilitation_Distrust","second",60
"18","wopxcyrw",44,"Affilitation_Avoidance","second",56
"19","wopxcyrw",63,"Affilitation_Generosity","second",63
"20","wopxcyrw",63,"Affilitation_Gratitude","second",63
"21","wopxcyrw",41,"Affilitation_Hostility","second",59
"22","wyly5896",60,"Affilitation_Sympathy","second",60
"23","wyly5896",60,"Affilitation_Gratitude","second",60
"24","wyly5896",55,"Affilitation_Generosity","second",55
"25","wyly5896",40,"Affilitation_Distrust","second",60
"26","wyly5896",40,"Affilitation_Hostility","second",60
"27","wyly5896",55,"Affilitation_Acceptance","second",55
"28","wyly5896",40,"Affilitation_Avoidance","second",60
"29","u4ckj0xb",2,"Affilitation_Avoidance","second",98
"30","u4ckj0xb",12,"Affilitation_Distrust","second",88
"31","u4ckj0xb",35,"Affilitation_Hostility","second",65
"32","u4ckj0xb",87,"Affilitation_Sympathy","second",87
"33","u4ckj0xb",95,"Affilitation_Acceptance","second",95
"34","u4ckj0xb",81,"Affilitation_Gratitude","second",81
"35","u4ckj0xb",89,"Affilitation_Generosity","second",89
"36","rcburgqm",17,"Affilitation_Avoidance","second",83
"37","rcburgqm",53,"Affilitation_Gratitude","second",53
"38","rcburgqm",52,"Affilitation_Generosity","second",52
"39","rcburgqm",12,"Affilitation_Distrust","second",88
"40","rcburgqm",53,"Affilitation_Acceptance","second",53
"41","rcburgqm",52,"Affilitation_Sympathy","second",52
"42","rcburgqm",13,"Affilitation_Hostility","second",87
"43","p1el4un1",100,"Affilitation_Distrust","second",0
"44","p1el4un1",30,"Affilitation_Avoidance","second",70
"45","p1el4un1",15,"Affilitation_Gratitude","second",15
"46","p1el4un1",100,"Affilitation_Hostility","second",0
"47","p1el4un1",0,"Affilitation_Generosity","second",0
"48","p1el4un1",16,"Affilitation_Acceptance","second",16
"49","p1el4un1",0,"Affilitation_Sympathy","second",0
"50","7ca8udou",40,"Affilitation_Sympathy","second",40
"51","7ca8udou",41,"Affilitation_Generosity","second",41
"52","7ca8udou",50,"Affilitation_Avoidance","second",50
"53","7ca8udou",53,"Affilitation_Hostility","second",47
"54","7ca8udou",53,"Affilitation_Distrust","second",47
"55","7ca8udou",50,"Affilitation_Acceptance","second",50
"56","7ca8udou",45,"Affilitation_Gratitude","second",45
"57","fbdvz2jm",8,"Affilitation_Hostility","second",92
"58","fbdvz2jm",9,"Affilitation_Distrust","second",91
"59","fbdvz2jm",50,"Affilitation_Sympathy","second",50
"60","fbdvz2jm",73,"Affilitation_Generosity","second",73
"61","fbdvz2jm",82,"Affilitation_Acceptance","second",82
"62","fbdvz2jm",64,"Affilitation_Gratitude","second",64
"63","fbdvz2jm",0,"Affilitation_Avoidance","second",100
"64","lcoa0ulz",73,"Affilitation_Acceptance","second",73
"65","lcoa0ulz",61,"Affilitation_Avoidance","second",39
"66","lcoa0ulz",38,"Affilitation_Distrust","second",62
"67","lcoa0ulz",60,"Affilitation_Sympathy","second",60
"68","lcoa0ulz",50,"Affilitation_Gratitude","second",50
"69","lcoa0ulz",32,"Affilitation_Generosity","second",32
"70","lcoa0ulz",39,"Affilitation_Hostility","second",61
"71","c10bu2ue",21,"Affilitation_Distrust","second",79
"72","c10bu2ue",56,"Affilitation_Gratitude","second",56
"73","c10bu2ue",69,"Affilitation_Sympathy","second",69
"74","c10bu2ue",35,"Affilitation_Avoidance","second",65
"75","c10bu2ue",67,"Affilitation_Generosity","second",67
"76","c10bu2ue",21,"Affilitation_Hostility","second",79
"77","c10bu2ue",64,"Affilitation_Acceptance","second",64
"78","ucjf5it7",0,"Affilitation_Distrust","third",100
"79","ucjf5it7",0,"Affilitation_Avoidance","third",100
"80","ucjf5it7",59,"Affilitation_Sympathy","third",59
"81","ucjf5it7",55,"Affilitation_Acceptance","third",55
"82","ucjf5it7",0,"Affilitation_Hostility","third",100
"83","ucjf5it7",56,"Affilitation_Generosity","third",56
"84","ucjf5it7",54,"Affilitation_Gratitude","third",54
"85","x15hufum",40,"Affilitation_Avoidance","third",60
"86","x15hufum",50,"Affilitation_Sympathy","third",50
"87","x15hufum",50,"Affilitation_Acceptance","third",50
"88","x15hufum",50,"Affilitation_Gratitude","third",50
"89","x15hufum",8,"Affilitation_Hostility","third",92
"90","x15hufum",15,"Affilitation_Distrust","third",85
"91","x15hufum",51,"Affilitation_Generosity","third",51
"92","wopxcyrw",41,"Affilitation_Generosity","third",41
"93","wopxcyrw",61,"Affilitation_Avoidance","third",39
"94","wopxcyrw",58,"Affilitation_Distrust","third",42
"95","wopxcyrw",60,"Affilitation_Hostility","third",40
"96","wopxcyrw",48,"Affilitation_Gratitude","third",48
"97","wopxcyrw",44,"Affilitation_Acceptance","third",44
"98","wopxcyrw",39,"Affilitation_Sympathy","third",39
"99","wyly5896",60,"Affilitation_Acceptance","third",60
"100","wyly5896",40,"Affilitation_Avoidance","third",60
"101","wyly5896",55,"Affilitation_Gratitude","third",55
"102","wyly5896",60,"Affilitation_Sympathy","third",60
"103","wyly5896",40,"Affilitation_Hostility","third",60
"104","wyly5896",60,"Affilitation_Generosity","third",60
"105","wyly5896",40,"Affilitation_Distrust","third",60
"106","u4ckj0xb",88,"Affilitation_Acceptance","third",88
"107","u4ckj0xb",23,"Affilitation_Hostility","third",77
"108","u4ckj0xb",8,"Affilitation_Distrust","third",92
"109","u4ckj0xb",90,"Affilitation_Generosity","third",90
"110","u4ckj0xb",87,"Affilitation_Gratitude","third",87
"111","u4ckj0xb",85,"Affilitation_Sympathy","third",85
"112","u4ckj0xb",4,"Affilitation_Avoidance","third",96
"113","rcburgqm",16,"Affilitation_Hostility","third",84
"114","rcburgqm",17,"Affilitation_Avoidance","third",83
"115","rcburgqm",52,"Affilitation_Generosity","third",52
"116","rcburgqm",51,"Affilitation_Sympathy","third",51
"117","rcburgqm",53,"Affilitation_Acceptance","third",53
"118","rcburgqm",53,"Affilitation_Gratitude","third",53
"119","rcburgqm",15,"Affilitation_Distrust","third",85
"120","p1el4un1",34,"Affilitation_Generosity","third",34
"121","p1el4un1",39,"Affilitation_Hostility","third",61
"122","p1el4un1",35,"Affilitation_Acceptance","third",35
"123","p1el4un1",50,"Affilitation_Avoidance","third",50
"124","p1el4un1",25,"Affilitation_Distrust","third",75
"125","p1el4un1",50,"Affilitation_Gratitude","third",50
"126","p1el4un1",35,"Affilitation_Sympathy","third",35
"127","7ca8udou",40,"Affilitation_Gratitude","third",40
"128","7ca8udou",50,"Affilitation_Hostility","third",50
"129","7ca8udou",39,"Affilitation_Generosity","third",39
"130","7ca8udou",39,"Affilitation_Sympathy","third",39
"131","7ca8udou",50,"Affilitation_Avoidance","third",50
"132","7ca8udou",50,"Affilitation_Distrust","third",50
"133","7ca8udou",50,"Affilitation_Acceptance","third",50
"134","fbdvz2jm",0,"Affilitation_Hostility","third",100
"135","fbdvz2jm",45,"Affilitation_Sympathy","third",45
"136","fbdvz2jm",0,"Affilitation_Distrust","third",100
"137","fbdvz2jm",53,"Affilitation_Gratitude","third",53
"138","fbdvz2jm",54,"Affilitation_Acceptance","third",54
"139","fbdvz2jm",39,"Affilitation_Avoidance","third",61
"140","fbdvz2jm",54,"Affilitation_Generosity","third",54
"141","lcoa0ulz",0,"Affilitation_Gratitude","third",0
"142","lcoa0ulz",72,"Affilitation_Hostility","third",28
"143","lcoa0ulz",15,"Affilitation_Acceptance","third",15
"144","lcoa0ulz",11,"Affilitation_Generosity","third",11
"145","lcoa0ulz",25,"Affilitation_Sympathy","third",25
"146","lcoa0ulz",69,"Affilitation_Distrust","third",31
"147","lcoa0ulz",61,"Affilitation_Avoidance","third",39
"148","c10bu2ue",68,"Affilitation_Sympathy","third",68
"149","c10bu2ue",13,"Affilitation_Hostility","third",87
"150","c10bu2ue",73,"Affilitation_Gratitude","third",73
"151","c10bu2ue",19,"Affilitation_Distrust","third",81
"152","c10bu2ue",27,"Affilitation_Avoidance","third",73
"153","c10bu2ue",72,"Affilitation_Acceptance","third",72
"154","c10bu2ue",70,"Affilitation_Generosity","third",70
"155","ucjf5it7",0,"Affilitation_Distrust","first",100
"156","ucjf5it7",57,"Affilitation_Sympathy","first",57
"157","ucjf5it7",0,"Affilitation_Hostility","first",100
"158","ucjf5it7",53,"Affilitation_Generosity","first",53
"159","ucjf5it7",54,"Affilitation_Acceptance","first",54
"160","ucjf5it7",0,"Affilitation_Avoidance","first",100
"161","ucjf5it7",57,"Affilitation_Gratitude","first",57
"162","x15hufum",50,"Affilitation_Sympathy","first",50
"163","x15hufum",46,"Affilitation_Acceptance","first",46
"164","x15hufum",34,"Affilitation_Avoidance","first",66
"165","x15hufum",8,"Affilitation_Hostility","first",92
"166","x15hufum",50,"Affilitation_Generosity","first",50
"167","x15hufum",50,"Affilitation_Gratitude","first",50
"168","x15hufum",41,"Affilitation_Distrust","first",59
"169","wopxcyrw",47,"Affilitation_Hostility","first",53
"170","wopxcyrw",54,"Affilitation_Avoidance","first",46
"171","wopxcyrw",53,"Affilitation_Acceptance","first",53
"172","wopxcyrw",44,"Affilitation_Distrust","first",56
"173","wopxcyrw",44,"Affilitation_Generosity","first",44
"174","wopxcyrw",52,"Affilitation_Gratitude","first",52
"175","wopxcyrw",56,"Affilitation_Sympathy","first",56
"176","wyly5896",65,"Affilitation_Sympathy","first",65
"177","wyly5896",65,"Affilitation_Gratitude","first",65
"178","wyly5896",65,"Affilitation_Generosity","first",65
"179","wyly5896",65,"Affilitation_Acceptance","first",65
"180","wyly5896",30,"Affilitation_Distrust","first",70
"181","wyly5896",30,"Affilitation_Avoidance","first",70
"182","wyly5896",30,"Affilitation_Hostility","first",70
"183","u4ckj0xb",78,"Affilitation_Acceptance","first",78
"184","u4ckj0xb",17,"Affilitation_Distrust","first",83
"185","u4ckj0xb",8,"Affilitation_Avoidance","first",92
"186","u4ckj0xb",85,"Affilitation_Sympathy","first",85
"187","u4ckj0xb",94,"Affilitation_Gratitude","first",94
"188","u4ckj0xb",84,"Affilitation_Generosity","first",84
"189","u4ckj0xb",49,"Affilitation_Hostility","first",51
"190","rcburgqm",30,"Affilitation_Avoidance","first",70
"191","rcburgqm",52,"Affilitation_Generosity","first",52
"192","rcburgqm",51,"Affilitation_Acceptance","first",51
"193","rcburgqm",52,"Affilitation_Gratitude","first",52
"194","rcburgqm",12,"Affilitation_Hostility","first",88
"195","rcburgqm",11,"Affilitation_Distrust","first",89
"196","rcburgqm",51,"Affilitation_Sympathy","first",51
"197","p1el4un1",30,"Affilitation_Hostility","first",70
"198","p1el4un1",25,"Affilitation_Sympathy","first",25
"199","p1el4un1",30,"Affilitation_Distrust","first",70
"200","p1el4un1",30,"Affilitation_Acceptance","first",30
"201","p1el4un1",48,"Affilitation_Avoidance","first",52
"202","p1el4un1",25,"Affilitation_Generosity","first",25
"203","p1el4un1",25,"Affilitation_Gratitude","first",25
"204","7ca8udou",50,"Affilitation_Distrust","first",50
"205","7ca8udou",59,"Affilitation_Acceptance","first",59
"206","7ca8udou",41,"Affilitation_Sympathy","first",41
"207","7ca8udou",50,"Affilitation_Gratitude","first",50
"208","7ca8udou",26,"Affilitation_Hostility","first",74
"209","7ca8udou",26,"Affilitation_Avoidance","first",74
"210","7ca8udou",50,"Affilitation_Generosity","first",50
"211","fbdvz2jm",60,"Affilitation_Generosity","first",60
"212","fbdvz2jm",59,"Affilitation_Acceptance","first",59
"213","fbdvz2jm",5,"Affilitation_Avoidance","first",95
"214","fbdvz2jm",0,"Affilitation_Hostility","first",100
"215","fbdvz2jm",4,"Affilitation_Distrust","first",96
"216","fbdvz2jm",50,"Affilitation_Gratitude","first",50
"217","fbdvz2jm",16,"Affilitation_Sympathy","first",16
"218","lcoa0ulz",30,"Affilitation_Avoidance","first",70
"219","lcoa0ulz",50,"Affilitation_Sympathy","first",50
"220","lcoa0ulz",60,"Affilitation_Distrust","first",40
"221","lcoa0ulz",15,"Affilitation_Gratitude","first",15
"222","lcoa0ulz",77,"Affilitation_Acceptance","first",77
"223","lcoa0ulz",7,"Affilitation_Generosity","first",7
"224","lcoa0ulz",44,"Affilitation_Hostility","first",56
"225","c10bu2ue",55,"Affilitation_Gratitude","first",55
"226","c10bu2ue",64,"Affilitation_Sympathy","first",64
"227","c10bu2ue",60,"Affilitation_Avoidance","first",40
"228","c10bu2ue",55,"Affilitation_Acceptance","first",55
"229","c10bu2ue",55,"Affilitation_Generosity","first",55
"230","c10bu2ue",30,"Affilitation_Hostility","first",70
"231","c10bu2ue",30,"Affilitation_Distrust","first",70
"232","5zqcqbja",50,"Affilitation_Hostility","second",50
"233","5zqcqbja",50,"Affilitation_Acceptance","second",50
"234","5zqcqbja",50,"Affilitation_Gratitude","second",50
"235","5zqcqbja",50,"Affilitation_Avoidance","second",50
"236","5zqcqbja",50,"Affilitation_Sympathy","second",50
"237","5zqcqbja",50,"Affilitation_Generosity","second",50
"238","5zqcqbja",50,"Affilitation_Distrust","second",50
"239","rjld64yp",44,"Affilitation_Distrust","second",56
"240","rjld64yp",30,"Affilitation_Generosity","second",30
"241","rjld64yp",39,"Affilitation_Sympathy","second",39
"242","rjld64yp",50,"Affilitation_Acceptance","second",50
"243","rjld64yp",39,"Affilitation_Gratitude","second",39
"244","rjld64yp",55,"Affilitation_Avoidance","second",45
"245","rjld64yp",47,"Affilitation_Hostility","second",53
"246","3qnbpkqy",45,"Affilitation_Acceptance","second",45
"247","3qnbpkqy",50,"Affilitation_Distrust","second",50
"248","3qnbpkqy",57,"Affilitation_Sympathy","second",57
"249","3qnbpkqy",54,"Affilitation_Gratitude","second",54
"250","3qnbpkqy",35,"Affilitation_Hostility","second",65
"251","3qnbpkqy",40,"Affilitation_Avoidance","second",60
"252","3qnbpkqy",45,"Affilitation_Generosity","second",45
"253","fnw3740u",55,"Affilitation_Distrust","second",45
"254","fnw3740u",50,"Affilitation_Generosity","second",50
"255","fnw3740u",50,"Affilitation_Avoidance","second",50
"256","fnw3740u",54,"Affilitation_Hostility","second",46
"257","fnw3740u",40,"Affilitation_Acceptance","second",40
"258","fnw3740u",50,"Affilitation_Gratitude","second",50
"259","fnw3740u",50,"Affilitation_Sympathy","second",50
"260","awnaa38f",59,"Affilitation_Acceptance","second",59
"261","awnaa38f",54,"Affilitation_Hostility","second",46
"262","awnaa38f",50,"Affilitation_Gratitude","second",50
"263","awnaa38f",50,"Affilitation_Sympathy","second",50
"264","awnaa38f",45,"Affilitation_Generosity","second",45
"265","awnaa38f",8,"Affilitation_Avoidance","second",92
"266","awnaa38f",31,"Affilitation_Distrust","second",69
"267","9fuapkwo",16,"Affilitation_Avoidance","second",84
"268","9fuapkwo",7,"Affilitation_Distrust","second",93
"269","9fuapkwo",50,"Affilitation_Generosity","second",50
"270","9fuapkwo",4,"Affilitation_Hostility","second",96
"271","9fuapkwo",50,"Affilitation_Gratitude","second",50
"272","9fuapkwo",50,"Affilitation_Acceptance","second",50
"273","9fuapkwo",50,"Affilitation_Sympathy","second",50
"274","x9hun3az",66,"Affilitation_Hostility","second",34
"275","x9hun3az",40,"Affilitation_Distrust","second",60
"276","x9hun3az",35,"Affilitation_Generosity","second",35
"277","x9hun3az",56,"Affilitation_Avoidance","second",44
"278","x9hun3az",46,"Affilitation_Gratitude","second",46
"279","x9hun3az",37,"Affilitation_Acceptance","second",37
"280","x9hun3az",35,"Affilitation_Sympathy","second",35
"281","fhonwjzj",60,"Affilitation_Hostility","second",40
"282","fhonwjzj",60,"Affilitation_Distrust","second",40
"283","fhonwjzj",60,"Affilitation_Acceptance","second",60
"284","fhonwjzj",45,"Affilitation_Sympathy","second",45
"285","fhonwjzj",60,"Affilitation_Avoidance","second",40
"286","fhonwjzj",40,"Affilitation_Generosity","second",40
"287","fhonwjzj",40,"Affilitation_Gratitude","second",40
"288","5zqcqbja",50,"Affilitation_Distrust","third",50
"289","5zqcqbja",50,"Affilitation_Acceptance","third",50
"290","5zqcqbja",50,"Affilitation_Generosity","third",50
"291","5zqcqbja",50,"Affilitation_Hostility","third",50
"292","5zqcqbja",50,"Affilitation_Avoidance","third",50
"293","5zqcqbja",50,"Affilitation_Sympathy","third",50
"294","5zqcqbja",50,"Affilitation_Gratitude","third",50
"295","rjld64yp",56,"Affilitation_Generosity","third",56
"296","rjld64yp",59,"Affilitation_Gratitude","third",59
"297","rjld64yp",31,"Affilitation_Distrust","third",69
"298","rjld64yp",26,"Affilitation_Avoidance","third",74
"299","rjld64yp",50,"Affilitation_Acceptance","third",50
"300","rjld64yp",60,"Affilitation_Sympathy","third",60
"301","rjld64yp",38,"Affilitation_Hostility","third",62
"302","3qnbpkqy",35,"Affilitation_Distrust","third",65
"303","3qnbpkqy",55,"Affilitation_Gratitude","third",55
"304","3qnbpkqy",40,"Affilitation_Hostility","third",60
"305","3qnbpkqy",55,"Affilitation_Acceptance","third",55
"306","3qnbpkqy",45,"Affilitation_Sympathy","third",45
"307","3qnbpkqy",65,"Affilitation_Avoidance","third",35
"308","3qnbpkqy",55,"Affilitation_Generosity","third",55
"309","fnw3740u",0,"Affilitation_Avoidance","third",100
"310","fnw3740u",50,"Affilitation_Gratitude","third",50
"311","fnw3740u",50,"Affilitation_Sympathy","third",50
"312","fnw3740u",50,"Affilitation_Generosity","third",50
"313","fnw3740u",0,"Affilitation_Distrust","third",100
"314","fnw3740u",60,"Affilitation_Acceptance","third",60
"315","fnw3740u",0,"Affilitation_Hostility","third",100
"316","awnaa38f",80,"Affilitation_Acceptance","third",80
"317","awnaa38f",13,"Affilitation_Avoidance","third",87
"318","awnaa38f",63,"Affilitation_Generosity","third",63
"319","awnaa38f",6,"Affilitation_Distrust","third",94
"320","awnaa38f",70,"Affilitation_Sympathy","third",70
"321","awnaa38f",72,"Affilitation_Gratitude","third",72
"322","awnaa38f",5,"Affilitation_Hostility","third",95
"323","9fuapkwo",50,"Affilitation_Gratitude","third",50
"324","9fuapkwo",4,"Affilitation_Hostility","third",96
"325","9fuapkwo",4,"Affilitation_Avoidance","third",96
"326","9fuapkwo",50,"Affilitation_Acceptance","third",50
"327","9fuapkwo",50,"Affilitation_Generosity","third",50
"328","9fuapkwo",50,"Affilitation_Sympathy","third",50
"329","9fuapkwo",3,"Affilitation_Distrust","third",97
"330","x9hun3az",60,"Affilitation_Sympathy","third",60
"331","x9hun3az",34,"Affilitation_Distrust","third",66
"332","x9hun3az",11,"Affilitation_Hostility","third",89
"333","x9hun3az",54,"Affilitation_Acceptance","third",54
"334","x9hun3az",56,"Affilitation_Generosity","third",56
"335","x9hun3az",59,"Affilitation_Gratitude","third",59
"336","x9hun3az",20,"Affilitation_Avoidance","third",80
"337","fhonwjzj",40,"Affilitation_Acceptance","third",40
"338","fhonwjzj",40,"Affilitation_Gratitude","third",40
"339","fhonwjzj",60,"Affilitation_Hostility","third",40
"340","fhonwjzj",60,"Affilitation_Avoidance","third",40
"341","fhonwjzj",50,"Affilitation_Generosity","third",50
"342","fhonwjzj",60,"Affilitation_Distrust","third",40
"343","fhonwjzj",55,"Affilitation_Sympathy","third",55
"344","5zqcqbja",56,"Affilitation_Acceptance","first",56
"345","5zqcqbja",50,"Affilitation_Distrust","first",50
"346","5zqcqbja",50,"Affilitation_Avoidance","first",50
"347","5zqcqbja",50,"Affilitation_Gratitude","first",50
"348","5zqcqbja",50,"Affilitation_Hostility","first",50
"349","5zqcqbja",50,"Affilitation_Generosity","first",50
"350","5zqcqbja",55,"Affilitation_Sympathy","first",55
"351","rjld64yp",60,"Affilitation_Sympathy","first",60
"352","rjld64yp",53,"Affilitation_Gratitude","first",53
"353","rjld64yp",14,"Affilitation_Distrust","first",86
"354","rjld64yp",7,"Affilitation_Hostility","first",93
"355","rjld64yp",24,"Affilitation_Avoidance","first",76
"356","rjld64yp",50,"Affilitation_Acceptance","first",50
"357","rjld64yp",58,"Affilitation_Generosity","first",58
"358","3qnbpkqy",40,"Affilitation_Avoidance","first",60
"359","3qnbpkqy",30,"Affilitation_Hostility","first",70
"360","3qnbpkqy",63,"Affilitation_Sympathy","first",63
"361","3qnbpkqy",54,"Affilitation_Gratitude","first",54
"362","3qnbpkqy",40,"Affilitation_Distrust","first",60
"363","3qnbpkqy",56,"Affilitation_Generosity","first",56
"364","3qnbpkqy",67,"Affilitation_Acceptance","first",67
"365","fnw3740u",60,"Affilitation_Acceptance","first",60
"366","fnw3740u",50,"Affilitation_Gratitude","first",50
"367","fnw3740u",0,"Affilitation_Avoidance","first",100
"368","fnw3740u",0,"Affilitation_Distrust","first",100
"369","fnw3740u",50,"Affilitation_Generosity","first",50
"370","fnw3740u",50,"Affilitation_Sympathy","first",50
"371","fnw3740u",0,"Affilitation_Hostility","first",100
"372","awnaa38f",70,"Affilitation_Sympathy","first",70
"373","awnaa38f",67,"Affilitation_Gratitude","first",67
"374","awnaa38f",18,"Affilitation_Hostility","first",82
"375","awnaa38f",85,"Affilitation_Acceptance","first",85
"376","awnaa38f",57,"Affilitation_Avoidance","first",43
"377","awnaa38f",14,"Affilitation_Distrust","first",86
"378","awnaa38f",54,"Affilitation_Generosity","first",54
"379","9fuapkwo",62,"Affilitation_Generosity","first",62
"380","9fuapkwo",0,"Affilitation_Avoidance","first",100
"381","9fuapkwo",0,"Affilitation_Hostility","first",100
"382","9fuapkwo",68,"Affilitation_Acceptance","first",68
"383","9fuapkwo",72,"Affilitation_Sympathy","first",72
"384","9fuapkwo",78,"Affilitation_Gratitude","first",78
"385","9fuapkwo",0,"Affilitation_Distrust","first",100
"386","x9hun3az",18,"Affilitation_Hostility","first",82
"387","x9hun3az",72,"Affilitation_Acceptance","first",72
"388","x9hun3az",11,"Affilitation_Avoidance","first",89
"389","x9hun3az",44,"Affilitation_Sympathy","first",44
"390","x9hun3az",25,"Affilitation_Distrust","first",75
"391","x9hun3az",55,"Affilitation_Generosity","first",55
"392","x9hun3az",54,"Affilitation_Gratitude","first",54
"393","fhonwjzj",50,"Affilitation_Distrust","first",50
"394","fhonwjzj",70,"Affilitation_Generosity","first",70
"395","fhonwjzj",70,"Affilitation_Acceptance","first",70
"396","fhonwjzj",30,"Affilitation_Hostility","first",70
"397","fhonwjzj",50,"Affilitation_Avoidance","first",50
"398","fhonwjzj",60,"Affilitation_Sympathy","first",60
"399","fhonwjzj",50,"Affilitation_Gratitude","first",50
"400","nqcfkk0t",50,"Affilitation_Gratitude","second",50
"401","nqcfkk0t",57,"Affilitation_Generosity","second",57
"402","nqcfkk0t",11,"Affilitation_Distrust","second",89
"403","nqcfkk0t",60,"Affilitation_Sympathy","second",60
"404","nqcfkk0t",78,"Affilitation_Acceptance","second",78
"405","nqcfkk0t",4,"Affilitation_Hostility","second",96
"406","nqcfkk0t",6,"Affilitation_Avoidance","second",94
"407","7end2q7p",80,"Affilitation_Acceptance","second",80
"408","7end2q7p",80,"Affilitation_Sympathy","second",80
"409","7end2q7p",45,"Affilitation_Avoidance","second",55
"410","7end2q7p",70,"Affilitation_Generosity","second",70
"411","7end2q7p",5,"Affilitation_Hostility","second",95
"412","7end2q7p",15,"Affilitation_Distrust","second",85
"413","7end2q7p",70,"Affilitation_Gratitude","second",70
"414","ekh4e8la",40,"Affilitation_Generosity","second",40
"415","ekh4e8la",45,"Affilitation_Gratitude","second",45
"416","ekh4e8la",20,"Affilitation_Hostility","second",80
"417","ekh4e8la",35,"Affilitation_Sympathy","second",35
"418","ekh4e8la",40,"Affilitation_Acceptance","second",40
"419","ekh4e8la",60,"Affilitation_Avoidance","second",40
"420","ekh4e8la",65,"Affilitation_Distrust","second",35
"421","pgijg573",60,"Affilitation_Hostility","second",40
"422","pgijg573",55,"Affilitation_Distrust","second",45
"423","pgijg573",60,"Affilitation_Sympathy","second",60
"424","pgijg573",55,"Affilitation_Generosity","second",55
"425","pgijg573",53,"Affilitation_Avoidance","second",47
"426","pgijg573",40,"Affilitation_Acceptance","second",40
"427","pgijg573",40,"Affilitation_Gratitude","second",40
"428","mqu3535e",50,"Affilitation_Avoidance","second",50
"429","mqu3535e",60,"Affilitation_Sympathy","second",60
"430","mqu3535e",40,"Affilitation_Distrust","second",60
"431","mqu3535e",60,"Affilitation_Gratitude","second",60
"432","mqu3535e",60,"Affilitation_Acceptance","second",60
"433","mqu3535e",60,"Affilitation_Hostility","second",40
"434","mqu3535e",60,"Affilitation_Generosity","second",60
"435","trpxfsfj",29,"Affilitation_Generosity","second",29
"436","trpxfsfj",0,"Affilitation_Hostility","second",100
"437","trpxfsfj",0,"Affilitation_Avoidance","second",100
"438","trpxfsfj",50,"Affilitation_Acceptance","second",50
"439","trpxfsfj",0,"Affilitation_Distrust","second",100
"440","trpxfsfj",39,"Affilitation_Sympathy","second",39
"441","trpxfsfj",26,"Affilitation_Gratitude","second",26
"442","64qj2z1q",44,"Affilitation_Hostility","second",56
"443","64qj2z1q",82,"Affilitation_Gratitude","second",82
"444","64qj2z1q",64,"Affilitation_Generosity","second",64
"445","64qj2z1q",40,"Affilitation_Distrust","second",60
"446","64qj2z1q",77,"Affilitation_Sympathy","second",77
"447","64qj2z1q",88,"Affilitation_Acceptance","second",88
"448","64qj2z1q",41,"Affilitation_Avoidance","second",59
"449","u90pn3po",60,"Affilitation_Generosity","second",60
"450","u90pn3po",40,"Affilitation_Avoidance","second",60
"451","u90pn3po",50,"Affilitation_Gratitude","second",50
"452","u90pn3po",60,"Affilitation_Sympathy","second",60
"453","u90pn3po",60,"Affilitation_Acceptance","second",60
"454","u90pn3po",30,"Affilitation_Hostility","second",70
"455","u90pn3po",30,"Affilitation_Distrust","second",70
"456","vtnpc9v0",55,"Affilitation_Sympathy","second",55
"457","vtnpc9v0",70,"Affilitation_Acceptance","second",70
"458","vtnpc9v0",60,"Affilitation_Gratitude","second",60
"459","vtnpc9v0",30,"Affilitation_Avoidance","second",70
"460","vtnpc9v0",55,"Affilitation_Generosity","second",55
"461","vtnpc9v0",25,"Affilitation_Distrust","second",75
"462","vtnpc9v0",25,"Affilitation_Hostility","second",75
"463","eo7g3bb9",70,"Affilitation_Acceptance","second",70
"464","eo7g3bb9",20,"Affilitation_Distrust","second",80
"465","eo7g3bb9",65,"Affilitation_Generosity","second",65
"466","eo7g3bb9",20,"Affilitation_Hostility","second",80
"467","eo7g3bb9",55,"Affilitation_Gratitude","second",55
"468","eo7g3bb9",60,"Affilitation_Avoidance","second",40
"469","eo7g3bb9",55,"Affilitation_Sympathy","second",55
"470","eyf8awh6",100,"Affilitation_Sympathy","second",100
"471","eyf8awh6",94,"Affilitation_Generosity","second",94
"472","eyf8awh6",0,"Affilitation_Avoidance","second",100
"473","eyf8awh6",0,"Affilitation_Hostility","second",100
"474","eyf8awh6",100,"Affilitation_Acceptance","second",100
"475","eyf8awh6",0,"Affilitation_Distrust","second",100
"476","eyf8awh6",100,"Affilitation_Gratitude","second",100
"477","8a4rmozk",50,"Affilitation_Gratitude","second",50
"478","8a4rmozk",56,"Affilitation_Acceptance","second",56
"479","8a4rmozk",37,"Affilitation_Distrust","second",63
"480","8a4rmozk",50,"Affilitation_Generosity","second",50
"481","8a4rmozk",30,"Affilitation_Hostility","second",70
"482","8a4rmozk",55,"Affilitation_Sympathy","second",55
"483","8a4rmozk",28,"Affilitation_Avoidance","second",72
"484","ske1wdwv",94,"Affilitation_Gratitude","second",94
"485","ske1wdwv",5,"Affilitation_Avoidance","second",95
"486","ske1wdwv",3,"Affilitation_Hostility","second",97
"487","ske1wdwv",94,"Affilitation_Acceptance","second",94
"488","ske1wdwv",94,"Affilitation_Generosity","second",94
"489","ske1wdwv",5,"Affilitation_Distrust","second",95
"490","ske1wdwv",97,"Affilitation_Sympathy","second",97
"491","wkig7g26",60,"Affilitation_Distrust","second",40
"492","wkig7g26",30,"Affilitation_Sympathy","second",30
"493","wkig7g26",60,"Affilitation_Avoidance","second",40
"494","wkig7g26",30,"Affilitation_Acceptance","second",30
"495","wkig7g26",30,"Affilitation_Gratitude","second",30
"496","wkig7g26",40,"Affilitation_Generosity","second",40
"497","wkig7g26",40,"Affilitation_Hostility","second",60
"498","x886pg16",60,"Affilitation_Distrust","second",40
"499","x886pg16",66,"Affilitation_Gratitude","second",66
"500","x886pg16",55,"Affilitation_Acceptance","second",55
"501","x886pg16",66,"Affilitation_Sympathy","second",66
"502","x886pg16",60,"Affilitation_Generosity","second",60
"503","x886pg16",55,"Affilitation_Hostility","second",45
"504","x886pg16",40,"Affilitation_Avoidance","second",60
"505","4swlxwke",59,"Affilitation_Sympathy","second",59
"506","4swlxwke",39,"Affilitation_Avoidance","second",61
"507","4swlxwke",47,"Affilitation_Distrust","second",53
"508","4swlxwke",60,"Affilitation_Generosity","second",60
"509","4swlxwke",67,"Affilitation_Gratitude","second",67
"510","4swlxwke",70,"Affilitation_Acceptance","second",70
"511","4swlxwke",36,"Affilitation_Hostility","second",64
"512","piedsqfp",69,"Affilitation_Acceptance","second",69
"513","piedsqfp",70,"Affilitation_Gratitude","second",70
"514","piedsqfp",65,"Affilitation_Generosity","second",65
"515","piedsqfp",81,"Affilitation_Sympathy","second",81
"516","piedsqfp",32,"Affilitation_Hostility","second",68
"517","piedsqfp",37,"Affilitation_Avoidance","second",63
"518","piedsqfp",25,"Affilitation_Distrust","second",75
"519","8fjzf3vt",58,"Affilitation_Sympathy","second",58
"520","8fjzf3vt",61,"Affilitation_Generosity","second",61
"521","8fjzf3vt",64,"Affilitation_Gratitude","second",64
"522","8fjzf3vt",69,"Affilitation_Acceptance","second",69
"523","8fjzf3vt",43,"Affilitation_Distrust","second",57
"524","8fjzf3vt",50,"Affilitation_Hostility","second",50
"525","8fjzf3vt",46,"Affilitation_Avoidance","second",54
"526","20ncbce2",77,"Affilitation_Acceptance","second",77
"527","20ncbce2",50,"Affilitation_Distrust","second",50
"528","20ncbce2",64,"Affilitation_Hostility","second",36
"529","20ncbce2",70,"Affilitation_Generosity","second",70
"530","20ncbce2",70,"Affilitation_Sympathy","second",70
"531","20ncbce2",35,"Affilitation_Avoidance","second",65
"532","20ncbce2",29,"Affilitation_Gratitude","second",29
"533","eg36xi0r",70,"Affilitation_Sympathy","second",70
"534","eg36xi0r",18,"Affilitation_Hostility","second",82
"535","eg36xi0r",20,"Affilitation_Avoidance","second",80
"536","eg36xi0r",32,"Affilitation_Distrust","second",68
"537","eg36xi0r",72,"Affilitation_Gratitude","second",72
"538","eg36xi0r",73,"Affilitation_Generosity","second",73
"539","eg36xi0r",77,"Affilitation_Acceptance","second",77
"540","mx4as100",34,"Affilitation_Hostility","second",66
"541","mx4as100",70,"Affilitation_Acceptance","second",70
"542","mx4as100",75,"Affilitation_Generosity","second",75
"543","mx4as100",75,"Affilitation_Gratitude","second",75
"544","mx4as100",76,"Affilitation_Sympathy","second",76
"545","mx4as100",34,"Affilitation_Distrust","second",66
"546","mx4as100",34,"Affilitation_Avoidance","second",66
"547","nqcfkk0t",13,"Affilitation_Distrust","third",87
"548","nqcfkk0t",62,"Affilitation_Gratitude","third",62
"549","nqcfkk0t",56,"Affilitation_Sympathy","third",56
"550","nqcfkk0t",80,"Affilitation_Acceptance","third",80
"551","nqcfkk0t",7,"Affilitation_Hostility","third",93
"552","nqcfkk0t",7,"Affilitation_Avoidance","third",93
"553","nqcfkk0t",66,"Affilitation_Generosity","third",66
"554","7end2q7p",66,"Affilitation_Acceptance","third",66
"555","7end2q7p",35,"Affilitation_Avoidance","third",65
"556","7end2q7p",60,"Affilitation_Sympathy","third",60
"557","7end2q7p",66,"Affilitation_Generosity","third",66
"558","7end2q7p",20,"Affilitation_Hostility","third",80
"559","7end2q7p",69,"Affilitation_Gratitude","third",69
"560","7end2q7p",55,"Affilitation_Distrust","third",45
"561","ekh4e8la",45,"Affilitation_Avoidance","third",55
"562","ekh4e8la",40,"Affilitation_Acceptance","third",40
"563","ekh4e8la",55,"Affilitation_Distrust","third",45
"564","ekh4e8la",35,"Affilitation_Sympathy","third",35
"565","ekh4e8la",40,"Affilitation_Gratitude","third",40
"566","ekh4e8la",35,"Affilitation_Generosity","third",35
"567","ekh4e8la",20,"Affilitation_Hostility","third",80
"568","pgijg573",40,"Affilitation_Distrust","third",60
"569","pgijg573",60,"Affilitation_Generosity","third",60
"570","pgijg573",35,"Affilitation_Hostility","third",65
"571","pgijg573",60,"Affilitation_Sympathy","third",60
"572","pgijg573",50,"Affilitation_Acceptance","third",50
"573","pgijg573",30,"Affilitation_Avoidance","third",70
"574","pgijg573",55,"Affilitation_Gratitude","third",55
"575","mqu3535e",30,"Affilitation_Generosity","third",30
"576","mqu3535e",30,"Affilitation_Distrust","third",70
"577","mqu3535e",30,"Affilitation_Avoidance","third",70
"578","mqu3535e",20,"Affilitation_Sympathy","third",20
"579","mqu3535e",20,"Affilitation_Hostility","third",80
"580","mqu3535e",30,"Affilitation_Gratitude","third",30
"581","mqu3535e",30,"Affilitation_Acceptance","third",30
"582","trpxfsfj",41,"Affilitation_Acceptance","third",41
"583","trpxfsfj",0,"Affilitation_Distrust","third",100
"584","trpxfsfj",50,"Affilitation_Sympathy","third",50
"585","trpxfsfj",30,"Affilitation_Gratitude","third",30
"586","trpxfsfj",0,"Affilitation_Hostility","third",100
"587","trpxfsfj",32,"Affilitation_Generosity","third",32
"588","trpxfsfj",0,"Affilitation_Avoidance","third",100
"589","64qj2z1q",79,"Affilitation_Sympathy","third",79
"590","64qj2z1q",88,"Affilitation_Gratitude","third",88
"591","64qj2z1q",59,"Affilitation_Avoidance","third",41
"592","64qj2z1q",78,"Affilitation_Acceptance","third",78
"593","64qj2z1q",66,"Affilitation_Hostility","third",34
"594","64qj2z1q",63,"Affilitation_Distrust","third",37
"595","64qj2z1q",74,"Affilitation_Generosity","third",74
"596","u90pn3po",40,"Affilitation_Distrust","third",60
"597","u90pn3po",50,"Affilitation_Gratitude","third",50
"598","u90pn3po",40,"Affilitation_Hostility","third",60
"599","u90pn3po",40,"Affilitation_Avoidance","third",60
"600","u90pn3po",50,"Affilitation_Sympathy","third",50
"601","u90pn3po",50,"Affilitation_Generosity","third",50
"602","u90pn3po",50,"Affilitation_Acceptance","third",50
"603","vtnpc9v0",55,"Affilitation_Generosity","third",55
"604","vtnpc9v0",40,"Affilitation_Avoidance","third",60
"605","vtnpc9v0",55,"Affilitation_Hostility","third",45
"606","vtnpc9v0",45,"Affilitation_Acceptance","third",45
"607","vtnpc9v0",56,"Affilitation_Gratitude","third",56
"608","vtnpc9v0",60,"Affilitation_Distrust","third",40
"609","vtnpc9v0",65,"Affilitation_Sympathy","third",65
"610","eo7g3bb9",40,"Affilitation_Sympathy","third",40
"611","eo7g3bb9",10,"Affilitation_Hostility","third",90
"612","eo7g3bb9",30,"Affilitation_Avoidance","third",70
"613","eo7g3bb9",40,"Affilitation_Gratitude","third",40
"614","eo7g3bb9",70,"Affilitation_Acceptance","third",70
"615","eo7g3bb9",60,"Affilitation_Generosity","third",60
"616","eo7g3bb9",20,"Affilitation_Distrust","third",80
"617","eyf8awh6",71,"Affilitation_Acceptance","third",71
"618","eyf8awh6",0,"Affilitation_Avoidance","third",100
"619","eyf8awh6",13,"Affilitation_Distrust","third",87
"620","eyf8awh6",74,"Affilitation_Generosity","third",74
"621","eyf8awh6",0,"Affilitation_Hostility","third",100
"622","eyf8awh6",90,"Affilitation_Sympathy","third",90
"623","eyf8awh6",100,"Affilitation_Gratitude","third",100
"624","8a4rmozk",48,"Affilitation_Gratitude","third",48
"625","8a4rmozk",42,"Affilitation_Generosity","third",42
"626","8a4rmozk",24,"Affilitation_Distrust","third",76
"627","8a4rmozk",61,"Affilitation_Acceptance","third",61
"628","8a4rmozk",7,"Affilitation_Avoidance","third",93
"629","8a4rmozk",67,"Affilitation_Sympathy","third",67
"630","8a4rmozk",7,"Affilitation_Hostility","third",93
"631","ske1wdwv",10,"Affilitation_Hostility","third",90
"632","ske1wdwv",90,"Affilitation_Acceptance","third",90
"633","ske1wdwv",90,"Affilitation_Sympathy","third",90
"634","ske1wdwv",3,"Affilitation_Distrust","third",97
"635","ske1wdwv",70,"Affilitation_Gratitude","third",70
"636","ske1wdwv",87,"Affilitation_Generosity","third",87
"637","ske1wdwv",3,"Affilitation_Avoidance","third",97
"638","wkig7g26",10,"Affilitation_Avoidance","third",90
"639","wkig7g26",70,"Affilitation_Acceptance","third",70
"640","wkig7g26",60,"Affilitation_Gratitude","third",60
"641","wkig7g26",10,"Affilitation_Hostility","third",90
"642","wkig7g26",0,"Affilitation_Distrust","third",100
"643","wkig7g26",60,"Affilitation_Sympathy","third",60
"644","wkig7g26",60,"Affilitation_Generosity","third",60
"645","x886pg16",50,"Affilitation_Sympathy","third",50
"646","x886pg16",50,"Affilitation_Hostility","third",50
"647","x886pg16",55,"Affilitation_Avoidance","third",45
"648","x886pg16",60,"Affilitation_Acceptance","third",60
"649","x886pg16",60,"Affilitation_Distrust","third",40
"650","x886pg16",56,"Affilitation_Gratitude","third",56
"651","x886pg16",60,"Affilitation_Generosity","third",60
"652","4swlxwke",33,"Affilitation_Avoidance","third",67
"653","4swlxwke",78,"Affilitation_Gratitude","third",78
"654","4swlxwke",76,"Affilitation_Sympathy","third",76
"655","4swlxwke",30,"Affilitation_Distrust","third",70
"656","4swlxwke",61,"Affilitation_Acceptance","third",61
"657","4swlxwke",22,"Affilitation_Hostility","third",78
"658","4swlxwke",66,"Affilitation_Generosity","third",66
"659","piedsqfp",39,"Affilitation_Avoidance","third",61
"660","piedsqfp",60,"Affilitation_Sympathy","third",60
"661","piedsqfp",45,"Affilitation_Distrust","third",55
"662","piedsqfp",56,"Affilitation_Gratitude","third",56
"663","piedsqfp",60,"Affilitation_Acceptance","third",60
"664","piedsqfp",39,"Affilitation_Hostility","third",61
"665","piedsqfp",61,"Affilitation_Generosity","third",61
"666","8fjzf3vt",54,"Affilitation_Distrust","third",46
"667","8fjzf3vt",47,"Affilitation_Acceptance","third",47
"668","8fjzf3vt",56,"Affilitation_Avoidance","third",44
"669","8fjzf3vt",52,"Affilitation_Sympathy","third",52
"670","8fjzf3vt",54,"Affilitation_Generosity","third",54
"671","8fjzf3vt",55,"Affilitation_Hostility","third",45
"672","8fjzf3vt",56,"Affilitation_Gratitude","third",56
"673","20ncbce2",61,"Affilitation_Sympathy","third",61
"674","20ncbce2",43,"Affilitation_Avoidance","third",57
"675","20ncbce2",47,"Affilitation_Gratitude","third",47
"676","20ncbce2",71,"Affilitation_Hostility","third",29
"677","20ncbce2",80,"Affilitation_Generosity","third",80
"678","20ncbce2",69,"Affilitation_Acceptance","third",69
"679","20ncbce2",38,"Affilitation_Distrust","third",62
"680","eg36xi0r",66,"Affilitation_Sympathy","third",66
"681","eg36xi0r",14,"Affilitation_Distrust","third",86
"682","eg36xi0r",66,"Affilitation_Gratitude","third",66
"683","eg36xi0r",31,"Affilitation_Avoidance","third",69
"684","eg36xi0r",70,"Affilitation_Acceptance","third",70
"685","eg36xi0r",70,"Affilitation_Generosity","third",70
"686","eg36xi0r",8,"Affilitation_Hostility","third",92
"687","mx4as100",40,"Affilitation_Avoidance","third",60
"688","mx4as100",45,"Affilitation_Hostility","third",55
"689","mx4as100",71,"Affilitation_Gratitude","third",71
"690","mx4as100",79,"Affilitation_Acceptance","third",79
"691","mx4as100",40,"Affilitation_Distrust","third",60
"692","mx4as100",64,"Affilitation_Sympathy","third",64
"693","mx4as100",65,"Affilitation_Generosity","third",65
"694","nqcfkk0t",63,"Affilitation_Sympathy","first",63
"695","nqcfkk0t",16,"Affilitation_Distrust","first",84
"696","nqcfkk0t",55,"Affilitation_Generosity","first",55
"697","nqcfkk0t",3,"Affilitation_Hostility","first",97
"698","nqcfkk0t",5,"Affilitation_Avoidance","first",95
"699","nqcfkk0t",92,"Affilitation_Acceptance","first",92
"700","nqcfkk0t",56,"Affilitation_Gratitude","first",56
"701","7end2q7p",70,"Affilitation_Sympathy","first",70
"702","7end2q7p",15,"Affilitation_Hostility","first",85
"703","7end2q7p",35,"Affilitation_Avoidance","first",65
"704","7end2q7p",60,"Affilitation_Acceptance","first",60
"705","7end2q7p",60,"Affilitation_Generosity","first",60
"706","7end2q7p",70,"Affilitation_Gratitude","first",70
"707","7end2q7p",10,"Affilitation_Distrust","first",90
"708","ekh4e8la",40,"Affilitation_Distrust","first",60
"709","ekh4e8la",25,"Affilitation_Hostility","first",75
"710","ekh4e8la",30,"Affilitation_Generosity","first",30
"711","ekh4e8la",30,"Affilitation_Avoidance","first",70
"712","ekh4e8la",35,"Affilitation_Gratitude","first",35
"713","ekh4e8la",55,"Affilitation_Acceptance","first",55
"714","ekh4e8la",40,"Affilitation_Sympathy","first",40
"715","pgijg573",70,"Affilitation_Generosity","first",70
"716","pgijg573",60,"Affilitation_Avoidance","first",40
"717","pgijg573",70,"Affilitation_Acceptance","first",70
"718","pgijg573",10,"Affilitation_Distrust","first",90
"719","pgijg573",0,"Affilitation_Hostility","first",100
"720","pgijg573",50,"Affilitation_Gratitude","first",50
"721","pgijg573",60,"Affilitation_Sympathy","first",60
"722","mqu3535e",30,"Affilitation_Generosity","first",30
"723","mqu3535e",30,"Affilitation_Distrust","first",70
"724","mqu3535e",40,"Affilitation_Avoidance","first",60
"725","mqu3535e",40,"Affilitation_Hostility","first",60
"726","mqu3535e",40,"Affilitation_Acceptance","first",40
"727","mqu3535e",40,"Affilitation_Gratitude","first",40
"728","mqu3535e",50,"Affilitation_Sympathy","first",50
"729","trpxfsfj",0,"Affilitation_Avoidance","first",100
"730","trpxfsfj",50,"Affilitation_Acceptance","first",50
"731","trpxfsfj",35,"Affilitation_Sympathy","first",35
"732","trpxfsfj",36,"Affilitation_Gratitude","first",36
"733","trpxfsfj",8,"Affilitation_Distrust","first",92
"734","trpxfsfj",0,"Affilitation_Hostility","first",100
"735","trpxfsfj",35,"Affilitation_Generosity","first",35
"736","64qj2z1q",64,"Affilitation_Generosity","first",64
"737","64qj2z1q",50,"Affilitation_Acceptance","first",50
"738","64qj2z1q",66,"Affilitation_Avoidance","first",34
"739","64qj2z1q",78,"Affilitation_Hostility","first",22
"740","64qj2z1q",50,"Affilitation_Distrust","first",50
"741","64qj2z1q",65,"Affilitation_Gratitude","first",65
"742","64qj2z1q",41,"Affilitation_Sympathy","first",41
"743","u90pn3po",50,"Affilitation_Generosity","first",50
"744","u90pn3po",50,"Affilitation_Sympathy","first",50
"745","u90pn3po",50,"Affilitation_Hostility","first",50
"746","u90pn3po",40,"Affilitation_Gratitude","first",40
"747","u90pn3po",60,"Affilitation_Distrust","first",40
"748","u90pn3po",40,"Affilitation_Acceptance","first",40
"749","u90pn3po",60,"Affilitation_Avoidance","first",40
"750","vtnpc9v0",25,"Affilitation_Gratitude","first",25
"751","vtnpc9v0",40,"Affilitation_Acceptance","first",40
"752","vtnpc9v0",70,"Affilitation_Hostility","first",30
"753","vtnpc9v0",40,"Affilitation_Generosity","first",40
"754","vtnpc9v0",45,"Affilitation_Distrust","first",55
"755","vtnpc9v0",70,"Affilitation_Avoidance","first",30
"756","vtnpc9v0",25,"Affilitation_Sympathy","first",25
"757","eo7g3bb9",30,"Affilitation_Distrust","first",70
"758","eo7g3bb9",20,"Affilitation_Avoidance","first",80
"759","eo7g3bb9",10,"Affilitation_Hostility","first",90
"760","eo7g3bb9",75,"Affilitation_Acceptance","first",75
"761","eo7g3bb9",65,"Affilitation_Gratitude","first",65
"762","eo7g3bb9",65,"Affilitation_Generosity","first",65
"763","eo7g3bb9",65,"Affilitation_Sympathy","first",65
"764","eyf8awh6",0,"Affilitation_Avoidance","first",100
"765","eyf8awh6",100,"Affilitation_Sympathy","first",100
"766","eyf8awh6",65,"Affilitation_Generosity","first",65
"767","eyf8awh6",85,"Affilitation_Gratitude","first",85
"768","eyf8awh6",0,"Affilitation_Distrust","first",100
"769","eyf8awh6",0,"Affilitation_Hostility","first",100
"770","eyf8awh6",100,"Affilitation_Acceptance","first",100
"771","8a4rmozk",74,"Affilitation_Sympathy","first",74
"772","8a4rmozk",32,"Affilitation_Avoidance","first",68
"773","8a4rmozk",20,"Affilitation_Distrust","first",80
"774","8a4rmozk",50,"Affilitation_Generosity","first",50
"775","8a4rmozk",30,"Affilitation_Hostility","first",70
"776","8a4rmozk",23,"Affilitation_Gratitude","first",23
"777","8a4rmozk",56,"Affilitation_Acceptance","first",56
"778","ske1wdwv",0,"Affilitation_Hostility","first",100
"779","ske1wdwv",75,"Affilitation_Sympathy","first",75
"780","ske1wdwv",75,"Affilitation_Acceptance","first",75
"781","ske1wdwv",75,"Affilitation_Generosity","first",75
"782","ske1wdwv",77,"Affilitation_Gratitude","first",77
"783","ske1wdwv",5,"Affilitation_Distrust","first",95
"784","ske1wdwv",3,"Affilitation_Avoidance","first",97
"785","wkig7g26",50,"Affilitation_Sympathy","first",50
"786","wkig7g26",60,"Affilitation_Generosity","first",60
"787","wkig7g26",0,"Affilitation_Distrust","first",100
"788","wkig7g26",60,"Affilitation_Gratitude","first",60
"789","wkig7g26",0,"Affilitation_Avoidance","first",100
"790","wkig7g26",70,"Affilitation_Acceptance","first",70
"791","wkig7g26",0,"Affilitation_Hostility","first",100
"792","x886pg16",50,"Affilitation_Sympathy","first",50
"793","x886pg16",36,"Affilitation_Hostility","first",64
"794","x886pg16",60,"Affilitation_Distrust","first",40
"795","x886pg16",55,"Affilitation_Avoidance","first",45
"796","x886pg16",40,"Affilitation_Acceptance","first",40
"797","x886pg16",45,"Affilitation_Generosity","first",45
"798","x886pg16",46,"Affilitation_Gratitude","first",46
"799","4swlxwke",72,"Affilitation_Sympathy","first",72
"800","4swlxwke",75,"Affilitation_Gratitude","first",75
"801","4swlxwke",37,"Affilitation_Distrust","first",63
"802","4swlxwke",54,"Affilitation_Acceptance","first",54
"803","4swlxwke",41,"Affilitation_Hostility","first",59
"804","4swlxwke",72,"Affilitation_Avoidance","first",28
"805","4swlxwke",83,"Affilitation_Generosity","first",83
"806","piedsqfp",60,"Affilitation_Sympathy","first",60
"807","piedsqfp",41,"Affilitation_Hostility","first",59
"808","piedsqfp",30,"Affilitation_Distrust","first",70
"809","piedsqfp",61,"Affilitation_Generosity","first",61
"810","piedsqfp",69,"Affilitation_Acceptance","first",69
"811","piedsqfp",40,"Affilitation_Avoidance","first",60
"812","piedsqfp",65,"Affilitation_Gratitude","first",65
"813","8fjzf3vt",53,"Affilitation_Generosity","first",53
"814","8fjzf3vt",40,"Affilitation_Distrust","first",60
"815","8fjzf3vt",43,"Affilitation_Avoidance","first",57
"816","8fjzf3vt",58,"Affilitation_Acceptance","first",58
"817","8fjzf3vt",59,"Affilitation_Sympathy","first",59
"818","8fjzf3vt",60,"Affilitation_Hostility","first",40
"819","8fjzf3vt",59,"Affilitation_Gratitude","first",59
"820","20ncbce2",59,"Affilitation_Acceptance","first",59
"821","20ncbce2",62,"Affilitation_Sympathy","first",62
"822","20ncbce2",59,"Affilitation_Generosity","first",59
"823","20ncbce2",50,"Affilitation_Distrust","first",50
"824","20ncbce2",44,"Affilitation_Avoidance","first",56
"825","20ncbce2",50,"Affilitation_Gratitude","first",50
"826","20ncbce2",50,"Affilitation_Hostility","first",50
"827","eg36xi0r",45,"Affilitation_Distrust","first",55
"828","eg36xi0r",62,"Affilitation_Avoidance","first",38
"829","eg36xi0r",62,"Affilitation_Sympathy","first",62
"830","eg36xi0r",59,"Affilitation_Gratitude","first",59
"831","eg36xi0r",41,"Affilitation_Hostility","first",59
"832","eg36xi0r",56,"Affilitation_Generosity","first",56
"833","eg36xi0r",45,"Affilitation_Acceptance","first",45
"834","mx4as100",59,"Affilitation_Gratitude","first",59
"835","mx4as100",59,"Affilitation_Acceptance","first",59
"836","mx4as100",40,"Affilitation_Avoidance","first",60
"837","mx4as100",50,"Affilitation_Generosity","first",50
"838","mx4as100",70,"Affilitation_Sympathy","first",70
"839","mx4as100",35,"Affilitation_Distrust","first",65
"840","mx4as100",50,"Affilitation_Hostility","first",50
"841","5suttvcr",75,"Affilitation_Generosity","second",75
"842","5suttvcr",80,"Affilitation_Sympathy","second",80
"843","5suttvcr",4,"Affilitation_Hostility","second",96
"844","5suttvcr",2,"Affilitation_Avoidance","second",98
"845","5suttvcr",80,"Affilitation_Acceptance","second",80
"846","5suttvcr",70,"Affilitation_Gratitude","second",70
"847","5suttvcr",3,"Affilitation_Distrust","second",97
"848","bw2gsvf5",57,"Affilitation_Acceptance","second",57
"849","bw2gsvf5",40,"Affilitation_Sympathy","second",40
"850","bw2gsvf5",37,"Affilitation_Distrust","second",63
"851","bw2gsvf5",59,"Affilitation_Generosity","second",59
"852","bw2gsvf5",29,"Affilitation_Hostility","second",71
"853","bw2gsvf5",31,"Affilitation_Avoidance","second",69
"854","bw2gsvf5",56,"Affilitation_Gratitude","second",56
"855","tfbf68k4",14,"Affilitation_Distrust","second",86
"856","tfbf68k4",62,"Affilitation_Gratitude","second",62
"857","tfbf68k4",18,"Affilitation_Avoidance","second",82
"858","tfbf68k4",77,"Affilitation_Generosity","second",77
"859","tfbf68k4",0,"Affilitation_Hostility","second",100
"860","tfbf68k4",68,"Affilitation_Sympathy","second",68
"861","tfbf68k4",71,"Affilitation_Acceptance","second",71
"862","hs6ft2tt",80,"Affilitation_Sympathy","second",80
"863","hs6ft2tt",2,"Affilitation_Avoidance","second",98
"864","hs6ft2tt",1,"Affilitation_Distrust","second",99
"865","hs6ft2tt",79,"Affilitation_Acceptance","second",79
"866","hs6ft2tt",70,"Affilitation_Gratitude","second",70
"867","hs6ft2tt",61,"Affilitation_Generosity","second",61
"868","hs6ft2tt",0,"Affilitation_Hostility","second",100
"869","5suttvcr",5,"Affilitation_Distrust","third",95
"870","5suttvcr",4,"Affilitation_Avoidance","third",96
"871","5suttvcr",56,"Affilitation_Gratitude","third",56
"872","5suttvcr",80,"Affilitation_Generosity","third",80
"873","5suttvcr",85,"Affilitation_Sympathy","third",85
"874","5suttvcr",85,"Affilitation_Acceptance","third",85
"875","5suttvcr",4,"Affilitation_Hostility","third",96
"876","bw2gsvf5",57,"Affilitation_Acceptance","third",57
"877","bw2gsvf5",20,"Affilitation_Distrust","third",80
"878","bw2gsvf5",53,"Affilitation_Sympathy","third",53
"879","bw2gsvf5",32,"Affilitation_Avoidance","third",68
"880","bw2gsvf5",54,"Affilitation_Generosity","third",54
"881","bw2gsvf5",54,"Affilitation_Hostility","third",46
"882","bw2gsvf5",56,"Affilitation_Gratitude","third",56
"883","tfbf68k4",1,"Affilitation_Avoidance","third",99
"884","tfbf68k4",79,"Affilitation_Acceptance","third",79
"885","tfbf68k4",77,"Affilitation_Sympathy","third",77
"886","tfbf68k4",87,"Affilitation_Generosity","third",87
"887","tfbf68k4",74,"Affilitation_Gratitude","third",74
"888","tfbf68k4",0,"Affilitation_Hostility","third",100
"889","tfbf68k4",0,"Affilitation_Distrust","third",100
"890","hs6ft2tt",81,"Affilitation_Acceptance","third",81
"891","hs6ft2tt",81,"Affilitation_Sympathy","third",81
"892","hs6ft2tt",1,"Affilitation_Avoidance","third",99
"893","hs6ft2tt",69,"Affilitation_Generosity","third",69
"894","hs6ft2tt",74,"Affilitation_Gratitude","third",74
"895","hs6ft2tt",0,"Affilitation_Hostility","third",100
"896","hs6ft2tt",0,"Affilitation_Distrust","third",100
"897","5suttvcr",35,"Affilitation_Gratitude","first",35
"898","5suttvcr",10,"Affilitation_Avoidance","first",90
"899","5suttvcr",85,"Affilitation_Acceptance","first",85
"900","5suttvcr",35,"Affilitation_Distrust","first",65
"901","5suttvcr",60,"Affilitation_Sympathy","first",60
"902","5suttvcr",40,"Affilitation_Generosity","first",40
"903","5suttvcr",5,"Affilitation_Hostility","first",95
"904","bw2gsvf5",26,"Affilitation_Distrust","first",74
"905","bw2gsvf5",25,"Affilitation_Avoidance","first",75
"906","bw2gsvf5",65,"Affilitation_Sympathy","first",65
"907","bw2gsvf5",63,"Affilitation_Generosity","first",63
"908","bw2gsvf5",16,"Affilitation_Hostility","first",84
"909","bw2gsvf5",60,"Affilitation_Gratitude","first",60
"910","bw2gsvf5",62,"Affilitation_Acceptance","first",62
"911","tfbf68k4",56,"Affilitation_Sympathy","first",56
"912","tfbf68k4",34,"Affilitation_Distrust","first",66
"913","tfbf68k4",61,"Affilitation_Generosity","first",61
"914","tfbf68k4",61,"Affilitation_Gratitude","first",61
"915","tfbf68k4",1,"Affilitation_Hostility","first",99
"916","tfbf68k4",82,"Affilitation_Acceptance","first",82
"917","tfbf68k4",22,"Affilitation_Avoidance","first",78
"918","hs6ft2tt",54,"Affilitation_Sympathy","first",54
"919","hs6ft2tt",11,"Affilitation_Hostility","first",89
"920","hs6ft2tt",67,"Affilitation_Acceptance","first",67
"921","hs6ft2tt",1,"Affilitation_Avoidance","first",99
"922","hs6ft2tt",54,"Affilitation_Generosity","first",54
"923","hs6ft2tt",55,"Affilitation_Gratitude","first",55
"924","hs6ft2tt",13,"Affilitation_Distrust","first",87
"925","jwit68o8",50,"Affilitation_Generosity","second",50
"926","jwit68o8",67,"Affilitation_Sympathy","second",67
"927","jwit68o8",58,"Affilitation_Gratitude","second",58
"928","jwit68o8",60,"Affilitation_Acceptance","second",60
"929","jwit68o8",22,"Affilitation_Avoidance","second",78
"930","jwit68o8",22,"Affilitation_Distrust","second",78
"931","jwit68o8",22,"Affilitation_Hostility","second",78
"932","l51yoirf",4,"Affilitation_Hostility","second",96
"933","l51yoirf",97,"Affilitation_Sympathy","second",97
"934","l51yoirf",98,"Affilitation_Gratitude","second",98
"935","l51yoirf",4,"Affilitation_Distrust","second",96
"936","l51yoirf",4,"Affilitation_Avoidance","second",96
"937","l51yoirf",92,"Affilitation_Acceptance","second",92
"938","l51yoirf",96,"Affilitation_Generosity","second",96
"939","ll7yp6dw",68,"Affilitation_Gratitude","second",68
"940","ll7yp6dw",71,"Affilitation_Acceptance","second",71
"941","ll7yp6dw",21,"Affilitation_Distrust","second",79
"942","ll7yp6dw",71,"Affilitation_Generosity","second",71
"943","ll7yp6dw",17,"Affilitation_Hostility","second",83
"944","ll7yp6dw",25,"Affilitation_Avoidance","second",75
"945","ll7yp6dw",85,"Affilitation_Sympathy","second",85
"946","f5iukocs",71,"Affilitation_Acceptance","second",71
"947","f5iukocs",44,"Affilitation_Generosity","second",44
"948","f5iukocs",0,"Affilitation_Hostility","second",100
"949","f5iukocs",46,"Affilitation_Avoidance","second",54
"950","f5iukocs",0,"Affilitation_Distrust","second",100
"951","f5iukocs",55,"Affilitation_Sympathy","second",55
"952","f5iukocs",45,"Affilitation_Gratitude","second",45
"953","1tta9k0e",74,"Affilitation_Acceptance","second",74
"954","1tta9k0e",27,"Affilitation_Distrust","second",73
"955","1tta9k0e",51,"Affilitation_Avoidance","second",49
"956","1tta9k0e",63,"Affilitation_Generosity","second",63
"957","1tta9k0e",26,"Affilitation_Hostility","second",74
"958","1tta9k0e",26,"Affilitation_Sympathy","second",26
"959","1tta9k0e",68,"Affilitation_Gratitude","second",68
"960","10gyt4yw",23,"Affilitation_Hostility","second",77
"961","10gyt4yw",69,"Affilitation_Gratitude","second",69
"962","10gyt4yw",68,"Affilitation_Acceptance","second",68
"963","10gyt4yw",24,"Affilitation_Avoidance","second",76
"964","10gyt4yw",9,"Affilitation_Distrust","second",91
"965","10gyt4yw",58,"Affilitation_Sympathy","second",58
"966","10gyt4yw",68,"Affilitation_Generosity","second",68
"967","rl6qzzwk",10,"Affilitation_Generosity","second",10
"968","rl6qzzwk",0,"Affilitation_Sympathy","second",0
"969","rl6qzzwk",0,"Affilitation_Avoidance","second",100
"970","rl6qzzwk",10,"Affilitation_Gratitude","second",10
"971","rl6qzzwk",10,"Affilitation_Acceptance","second",10
"972","rl6qzzwk",0,"Affilitation_Distrust","second",100
"973","rl6qzzwk",0,"Affilitation_Hostility","second",100
"974","yuxt0mr0",25,"Affilitation_Sympathy","second",25
"975","yuxt0mr0",30,"Affilitation_Acceptance","second",30
"976","yuxt0mr0",28,"Affilitation_Gratitude","second",28
"977","yuxt0mr0",32,"Affilitation_Generosity","second",32
"978","yuxt0mr0",72,"Affilitation_Distrust","second",28
"979","yuxt0mr0",76,"Affilitation_Avoidance","second",24
"980","yuxt0mr0",40,"Affilitation_Hostility","second",60
"981","el4g7vqv",0,"Affilitation_Hostility","second",100
"982","el4g7vqv",50,"Affilitation_Gratitude","second",50
"983","el4g7vqv",50,"Affilitation_Avoidance","second",50
"984","el4g7vqv",50,"Affilitation_Acceptance","second",50
"985","el4g7vqv",50,"Affilitation_Sympathy","second",50
"986","el4g7vqv",0,"Affilitation_Distrust","second",100
"987","el4g7vqv",50,"Affilitation_Generosity","second",50
"988","0latiljl",60,"Affilitation_Sympathy","second",60
"989","0latiljl",38,"Affilitation_Distrust","second",62
"990","0latiljl",62,"Affilitation_Gratitude","second",62
"991","0latiljl",42,"Affilitation_Hostility","second",58
"992","0latiljl",64,"Affilitation_Generosity","second",64
"993","0latiljl",40,"Affilitation_Avoidance","second",60
"994","0latiljl",60,"Affilitation_Acceptance","second",60
"995","yrqlg96p",50,"Affilitation_Gratitude","second",50
"996","yrqlg96p",10,"Affilitation_Avoidance","second",90
"997","yrqlg96p",60,"Affilitation_Acceptance","second",60
"998","yrqlg96p",59,"Affilitation_Sympathy","second",59
"999","yrqlg96p",68,"Affilitation_Hostility","second",32
"1000","yrqlg96p",29,"Affilitation_Distrust","second",71
"1001","yrqlg96p",56,"Affilitation_Generosity","second",56
"1002","49puxoj7",45,"Affilitation_Avoidance","second",55
"1003","49puxoj7",54,"Affilitation_Sympathy","second",54
"1004","49puxoj7",54,"Affilitation_Generosity","second",54
"1005","49puxoj7",59,"Affilitation_Hostility","second",41
"1006","49puxoj7",65,"Affilitation_Acceptance","second",65
"1007","49puxoj7",44,"Affilitation_Distrust","second",56
"1008","49puxoj7",59,"Affilitation_Gratitude","second",59
"1009","jsk580jc",57,"Affilitation_Avoidance","second",43
"1010","jsk580jc",54,"Affilitation_Gratitude","second",54
"1011","jsk580jc",41,"Affilitation_Distrust","second",59
"1012","jsk580jc",46,"Affilitation_Sympathy","second",46
"1013","jsk580jc",58,"Affilitation_Hostility","second",42
"1014","jsk580jc",56,"Affilitation_Acceptance","second",56
"1015","jsk580jc",58,"Affilitation_Generosity","second",58
"1016","2nov5ul3",68,"Affilitation_Hostility","second",32
"1017","2nov5ul3",41,"Affilitation_Generosity","second",41
"1018","2nov5ul3",40,"Affilitation_Avoidance","second",60
"1019","2nov5ul3",31,"Affilitation_Sympathy","second",31
"1020","2nov5ul3",44,"Affilitation_Gratitude","second",44
"1021","2nov5ul3",55,"Affilitation_Distrust","second",45
"1022","2nov5ul3",43,"Affilitation_Acceptance","second",43
"1023","9gexj2th",64,"Affilitation_Acceptance","second",64
"1024","9gexj2th",56,"Affilitation_Generosity","second",56
"1025","9gexj2th",54,"Affilitation_Sympathy","second",54
"1026","9gexj2th",50,"Affilitation_Hostility","second",50
"1027","9gexj2th",63,"Affilitation_Avoidance","second",37
"1028","9gexj2th",50,"Affilitation_Distrust","second",50
"1029","9gexj2th",64,"Affilitation_Gratitude","second",64
"1030","ypkywtgz",0,"Affilitation_Distrust","second",100
"1031","ypkywtgz",0,"Affilitation_Hostility","second",100
"1032","ypkywtgz",50,"Affilitation_Avoidance","second",50
"1033","ypkywtgz",0,"Affilitation_Generosity","second",0
"1034","ypkywtgz",0,"Affilitation_Sympathy","second",0
"1035","ypkywtgz",0,"Affilitation_Acceptance","second",0
"1036","ypkywtgz",0,"Affilitation_Gratitude","second",0
"1037","jwit68o8",13,"Affilitation_Hostility","third",87
"1038","jwit68o8",61,"Affilitation_Sympathy","third",61
"1039","jwit68o8",25,"Affilitation_Distrust","third",75
"1040","jwit68o8",16,"Affilitation_Avoidance","third",84
"1041","jwit68o8",60,"Affilitation_Generosity","third",60
"1042","jwit68o8",56,"Affilitation_Gratitude","third",56
"1043","jwit68o8",70,"Affilitation_Acceptance","third",70
"1044","l51yoirf",96,"Affilitation_Sympathy","third",96
"1045","l51yoirf",97,"Affilitation_Generosity","third",97
"1046","l51yoirf",97,"Affilitation_Acceptance","third",97
"1047","l51yoirf",3,"Affilitation_Hostility","third",97
"1048","l51yoirf",4,"Affilitation_Distrust","third",96
"1049","l51yoirf",98,"Affilitation_Gratitude","third",98
"1050","l51yoirf",3,"Affilitation_Avoidance","third",97
"1051","ll7yp6dw",70,"Affilitation_Generosity","third",70
"1052","ll7yp6dw",74,"Affilitation_Gratitude","third",74
"1053","ll7yp6dw",76,"Affilitation_Acceptance","third",76
"1054","ll7yp6dw",22,"Affilitation_Distrust","third",78
"1055","ll7yp6dw",30,"Affilitation_Hostility","third",70
"1056","ll7yp6dw",32,"Affilitation_Avoidance","third",68
"1057","ll7yp6dw",73,"Affilitation_Sympathy","third",73
"1058","f5iukocs",0,"Affilitation_Distrust","third",100
"1059","f5iukocs",46,"Affilitation_Gratitude","third",46
"1060","f5iukocs",22,"Affilitation_Avoidance","third",78
"1061","f5iukocs",75,"Affilitation_Sympathy","third",75
"1062","f5iukocs",0,"Affilitation_Hostility","third",100
"1063","f5iukocs",75,"Affilitation_Acceptance","third",75
"1064","f5iukocs",66,"Affilitation_Generosity","third",66
"1065","1tta9k0e",74,"Affilitation_Sympathy","third",74
"1066","1tta9k0e",19,"Affilitation_Hostility","third",81
"1067","1tta9k0e",74,"Affilitation_Gratitude","third",74
"1068","1tta9k0e",26,"Affilitation_Distrust","third",74
"1069","1tta9k0e",69,"Affilitation_Generosity","third",69
"1070","1tta9k0e",71,"Affilitation_Acceptance","third",71
"1071","1tta9k0e",26,"Affilitation_Avoidance","third",74
"1072","10gyt4yw",25,"Affilitation_Avoidance","third",75
"1073","10gyt4yw",75,"Affilitation_Generosity","third",75
"1074","10gyt4yw",71,"Affilitation_Gratitude","third",71
"1075","10gyt4yw",63,"Affilitation_Acceptance","third",63
"1076","10gyt4yw",67,"Affilitation_Sympathy","third",67
"1077","10gyt4yw",18,"Affilitation_Hostility","third",82
"1078","10gyt4yw",11,"Affilitation_Distrust","third",89
"1079","rl6qzzwk",10,"Affilitation_Acceptance","third",10
"1080","rl6qzzwk",0,"Affilitation_Hostility","third",100
"1081","rl6qzzwk",0,"Affilitation_Distrust","third",100
"1082","rl6qzzwk",0,"Affilitation_Sympathy","third",0
"1083","rl6qzzwk",0,"Affilitation_Avoidance","third",100
"1084","rl6qzzwk",10,"Affilitation_Gratitude","third",10
"1085","rl6qzzwk",10,"Affilitation_Generosity","third",10
"1086","yuxt0mr0",70,"Affilitation_Gratitude","third",70
"1087","yuxt0mr0",30,"Affilitation_Distrust","third",70
"1088","yuxt0mr0",75,"Affilitation_Generosity","third",75
"1089","yuxt0mr0",30,"Affilitation_Sympathy","third",30
"1090","yuxt0mr0",30,"Affilitation_Avoidance","third",70
"1091","yuxt0mr0",78,"Affilitation_Acceptance","third",78
"1092","yuxt0mr0",20,"Affilitation_Hostility","third",80
"1093","el4g7vqv",50,"Affilitation_Acceptance","third",50
"1094","el4g7vqv",50,"Affilitation_Generosity","third",50
"1095","el4g7vqv",50,"Affilitation_Sympathy","third",50
"1096","el4g7vqv",0,"Affilitation_Distrust","third",100
"1097","el4g7vqv",50,"Affilitation_Gratitude","third",50
"1098","el4g7vqv",0,"Affilitation_Hostility","third",100
"1099","el4g7vqv",50,"Affilitation_Avoidance","third",50
"1100","0latiljl",36,"Affilitation_Distrust","third",64
"1101","0latiljl",69,"Affilitation_Gratitude","third",69
"1102","0latiljl",68,"Affilitation_Acceptance","third",68
"1103","0latiljl",37,"Affilitation_Avoidance","third",63
"1104","0latiljl",70,"Affilitation_Sympathy","third",70
"1105","0latiljl",34,"Affilitation_Hostility","third",66
"1106","0latiljl",71,"Affilitation_Generosity","third",71
"1107","yrqlg96p",67,"Affilitation_Generosity","third",67
"1108","yrqlg96p",9,"Affilitation_Avoidance","third",91
"1109","yrqlg96p",64,"Affilitation_Gratitude","third",64
"1110","yrqlg96p",71,"Affilitation_Sympathy","third",71
"1111","yrqlg96p",15,"Affilitation_Distrust","third",85
"1112","yrqlg96p",72,"Affilitation_Acceptance","third",72
"1113","yrqlg96p",75,"Affilitation_Hostility","third",25
"1114","49puxoj7",40,"Affilitation_Avoidance","third",60
"1115","49puxoj7",40,"Affilitation_Distrust","third",60
"1116","49puxoj7",55,"Affilitation_Sympathy","third",55
"1117","49puxoj7",66,"Affilitation_Generosity","third",66
"1118","49puxoj7",63,"Affilitation_Hostility","third",37
"1119","49puxoj7",60,"Affilitation_Gratitude","third",60
"1120","49puxoj7",65,"Affilitation_Acceptance","third",65
"1121","jsk580jc",59,"Affilitation_Hostility","third",41
"1122","jsk580jc",64,"Affilitation_Gratitude","third",64
"1123","jsk580jc",67,"Affilitation_Sympathy","third",67
"1124","jsk580jc",44,"Affilitation_Avoidance","third",56
"1125","jsk580jc",64,"Affilitation_Acceptance","third",64
"1126","jsk580jc",46,"Affilitation_Distrust","third",54
"1127","jsk580jc",65,"Affilitation_Generosity","third",65
"1128","2nov5ul3",41,"Affilitation_Gratitude","third",41
"1129","2nov5ul3",29,"Affilitation_Distrust","third",71
"1130","2nov5ul3",65,"Affilitation_Sympathy","third",65
"1131","2nov5ul3",74,"Affilitation_Acceptance","third",74
"1132","2nov5ul3",30,"Affilitation_Avoidance","third",70
"1133","2nov5ul3",38,"Affilitation_Hostility","third",62
"1134","2nov5ul3",34,"Affilitation_Generosity","third",34
"1135","9gexj2th",66,"Affilitation_Gratitude","third",66
"1136","9gexj2th",70,"Affilitation_Generosity","third",70
"1137","9gexj2th",78,"Affilitation_Acceptance","third",78
"1138","9gexj2th",71,"Affilitation_Sympathy","third",71
"1139","9gexj2th",38,"Affilitation_Avoidance","third",62
"1140","9gexj2th",35,"Affilitation_Distrust","third",65
"1141","9gexj2th",39,"Affilitation_Hostility","third",61
"1142","ypkywtgz",0,"Affilitation_Avoidance","third",100
"1143","ypkywtgz",30,"Affilitation_Hostility","third",70
"1144","ypkywtgz",50,"Affilitation_Gratitude","third",50
"1145","ypkywtgz",30,"Affilitation_Generosity","third",30
"1146","ypkywtgz",0,"Affilitation_Acceptance","third",0
"1147","ypkywtgz",0,"Affilitation_Distrust","third",100
"1148","ypkywtgz",0,"Affilitation_Sympathy","third",0
"1149","jwit68o8",50,"Affilitation_Generosity","first",50
"1150","jwit68o8",31,"Affilitation_Sympathy","first",31
"1151","jwit68o8",66,"Affilitation_Acceptance","first",66
"1152","jwit68o8",55,"Affilitation_Avoidance","first",45
"1153","jwit68o8",56,"Affilitation_Gratitude","first",56
"1154","jwit68o8",50,"Affilitation_Distrust","first",50
"1155","jwit68o8",6,"Affilitation_Hostility","first",94
"1156","l51yoirf",12,"Affilitation_Distrust","first",88
"1157","l51yoirf",87,"Affilitation_Generosity","first",87
"1158","l51yoirf",88,"Affilitation_Acceptance","first",88
"1159","l51yoirf",88,"Affilitation_Gratitude","first",88
"1160","l51yoirf",21,"Affilitation_Avoidance","first",79
"1161","l51yoirf",23,"Affilitation_Hostility","first",77
"1162","l51yoirf",99,"Affilitation_Sympathy","first",99
"1163","ll7yp6dw",31,"Affilitation_Avoidance","first",69
"1164","ll7yp6dw",60,"Affilitation_Acceptance","first",60
"1165","ll7yp6dw",73,"Affilitation_Generosity","first",73
"1166","ll7yp6dw",50,"Affilitation_Sympathy","first",50
"1167","ll7yp6dw",50,"Affilitation_Distrust","first",50
"1168","ll7yp6dw",65,"Affilitation_Gratitude","first",65
"1169","ll7yp6dw",27,"Affilitation_Hostility","first",73
"1170","f5iukocs",0,"Affilitation_Hostility","first",100
"1171","f5iukocs",45,"Affilitation_Gratitude","first",45
"1172","f5iukocs",45,"Affilitation_Generosity","first",45
"1173","f5iukocs",62,"Affilitation_Acceptance","first",62
"1174","f5iukocs",57,"Affilitation_Avoidance","first",43
"1175","f5iukocs",0,"Affilitation_Distrust","first",100
"1176","f5iukocs",57,"Affilitation_Sympathy","first",57
"1177","1tta9k0e",65,"Affilitation_Sympathy","first",65
"1178","1tta9k0e",56,"Affilitation_Distrust","first",44
"1179","1tta9k0e",57,"Affilitation_Generosity","first",57
"1180","1tta9k0e",58,"Affilitation_Hostility","first",42
"1181","1tta9k0e",22,"Affilitation_Gratitude","first",22
"1182","1tta9k0e",22,"Affilitation_Avoidance","first",78
"1183","1tta9k0e",25,"Affilitation_Acceptance","first",25
"1184","10gyt4yw",29,"Affilitation_Distrust","first",71
"1185","10gyt4yw",44,"Affilitation_Gratitude","first",44
"1186","10gyt4yw",36,"Affilitation_Hostility","first",64
"1187","10gyt4yw",22,"Affilitation_Avoidance","first",78
"1188","10gyt4yw",45,"Affilitation_Sympathy","first",45
"1189","10gyt4yw",57,"Affilitation_Acceptance","first",57
"1190","10gyt4yw",57,"Affilitation_Generosity","first",57
"1191","rl6qzzwk",10,"Affilitation_Avoidance","first",90
"1192","rl6qzzwk",10,"Affilitation_Gratitude","first",10
"1193","rl6qzzwk",0,"Affilitation_Distrust","first",100
"1194","rl6qzzwk",0,"Affilitation_Hostility","first",100
"1195","rl6qzzwk",8,"Affilitation_Acceptance","first",8
"1196","rl6qzzwk",0,"Affilitation_Sympathy","first",0
"1197","rl6qzzwk",10,"Affilitation_Generosity","first",10
"1198","yuxt0mr0",40,"Affilitation_Distrust","first",60
"1199","yuxt0mr0",30,"Affilitation_Hostility","first",70
"1200","yuxt0mr0",60,"Affilitation_Generosity","first",60
"1201","yuxt0mr0",50,"Affilitation_Sympathy","first",50
"1202","yuxt0mr0",60,"Affilitation_Gratitude","first",60
"1203","yuxt0mr0",65,"Affilitation_Acceptance","first",65
"1204","yuxt0mr0",60,"Affilitation_Avoidance","first",40
"1205","el4g7vqv",50,"Affilitation_Gratitude","first",50
"1206","el4g7vqv",50,"Affilitation_Acceptance","first",50
"1207","el4g7vqv",50,"Affilitation_Avoidance","first",50
"1208","el4g7vqv",50,"Affilitation_Sympathy","first",50
"1209","el4g7vqv",0,"Affilitation_Distrust","first",100
"1210","el4g7vqv",50,"Affilitation_Generosity","first",50
"1211","el4g7vqv",0,"Affilitation_Hostility","first",100
"1212","0latiljl",58,"Affilitation_Gratitude","first",58
"1213","0latiljl",39,"Affilitation_Avoidance","first",61
"1214","0latiljl",30,"Affilitation_Hostility","first",70
"1215","0latiljl",63,"Affilitation_Acceptance","first",63
"1216","0latiljl",64,"Affilitation_Generosity","first",64
"1217","0latiljl",39,"Affilitation_Distrust","first",61
"1218","0latiljl",72,"Affilitation_Sympathy","first",72
"1219","yrqlg96p",6,"Affilitation_Avoidance","first",94
"1220","yrqlg96p",71,"Affilitation_Sympathy","first",71
"1221","yrqlg96p",83,"Affilitation_Hostility","first",17
"1222","yrqlg96p",50,"Affilitation_Gratitude","first",50
"1223","yrqlg96p",25,"Affilitation_Distrust","first",75
"1224","yrqlg96p",64,"Affilitation_Generosity","first",64
"1225","yrqlg96p",75,"Affilitation_Acceptance","first",75
"1226","49puxoj7",66,"Affilitation_Gratitude","first",66
"1227","49puxoj7",40,"Affilitation_Avoidance","first",60
"1228","49puxoj7",66,"Affilitation_Generosity","first",66
"1229","49puxoj7",66,"Affilitation_Hostility","first",34
"1230","49puxoj7",40,"Affilitation_Distrust","first",60
"1231","49puxoj7",60,"Affilitation_Sympathy","first",60
"1232","49puxoj7",66,"Affilitation_Acceptance","first",66
"1233","jsk580jc",59,"Affilitation_Generosity","first",59
"1234","jsk580jc",56,"Affilitation_Avoidance","first",44
"1235","jsk580jc",41,"Affilitation_Distrust","first",59
"1236","jsk580jc",59,"Affilitation_Gratitude","first",59
"1237","jsk580jc",67,"Affilitation_Sympathy","first",67
"1238","jsk580jc",62,"Affilitation_Hostility","first",38
"1239","jsk580jc",62,"Affilitation_Acceptance","first",62
"1240","2nov5ul3",32,"Affilitation_Hostility","first",68
"1241","2nov5ul3",23,"Affilitation_Distrust","first",77
"1242","2nov5ul3",61,"Affilitation_Sympathy","first",61
"1243","2nov5ul3",50,"Affilitation_Generosity","first",50
"1244","2nov5ul3",66,"Affilitation_Acceptance","first",66
"1245","2nov5ul3",15,"Affilitation_Avoidance","first",85
"1246","2nov5ul3",29,"Affilitation_Gratitude","first",29
"1247","9gexj2th",73,"Affilitation_Acceptance","first",73
"1248","9gexj2th",40,"Affilitation_Avoidance","first",60
"1249","9gexj2th",68,"Affilitation_Sympathy","first",68
"1250","9gexj2th",63,"Affilitation_Gratitude","first",63
"1251","9gexj2th",45,"Affilitation_Hostility","first",55
"1252","9gexj2th",79,"Affilitation_Generosity","first",79
"1253","9gexj2th",16,"Affilitation_Distrust","first",84
"1254","ypkywtgz",1,"Affilitation_Avoidance","first",99
"1255","ypkywtgz",1,"Affilitation_Distrust","first",99
"1256","ypkywtgz",0,"Affilitation_Sympathy","first",0
"1257","ypkywtgz",70,"Affilitation_Acceptance","first",70
"1258","ypkywtgz",50,"Affilitation_Gratitude","first",50
"1259","ypkywtgz",50,"Affilitation_Generosity","first",50
"1260","ypkywtgz",50,"Affilitation_Hostility","first",50
