Event Index,UTC Timestamp,UTC Date,Local Timestamp,Local Timezone,Local Date,Experiment ID,Experiment Version,Tree Node Key,Repeat Key,Schedule ID,Participant Public ID,Participant Private ID,Participant Starting Group,Participant Status,Participant Completion Code,Participant External Session ID,Participant Device Type,Participant Device,Participant OS,Participant Browser,Participant Monitor Size,Participant Viewport Size,Checkpoint,Task Name,Task Version,Randomise questionnaire elements?,Question Key,Response
1,1652781837675,17/05/2022 10:03:57,1652781837564,1,17/05/2022 11:03:57,86605,11,questionnaire-e3lq,,21931678,px3t3t75,6477248,,complete,,,computer,Desktop or Laptop,Mac OS 10.15.7,Safari 15.4,1680x1050,1680x998,,Rating - warmth and competence 2,2,No,BEGIN QUESTIONNAIRE,
2,1652781850678,17/05/2022 10:04:10,1652781850603,1,17/05/2022 11:04:10,86605,11,questionnaire-e3lq,,21931678,px3t3t75,6477248,,complete,,,computer,Desktop or Laptop,Mac OS 10.15.7,Safari 15.4,1680x1050,1680x998,,Rating - warmth and competence 2,2,No,rating_friendly-2,5
3,1652781850721,17/05/2022 10:04:10,1652781850605,1,17/05/2022 11:04:10,86605,11,questionnaire-e3lq,,21931678,px3t3t75,6477248,,complete,,,computer,Desktop or Laptop,Mac OS 10.15.7,Safari 15.4,1680x1050,1680x998,,Rating - warmth and competence 2,2,No,rating_friendly-2-quantised,5
4,1652781850721,17/05/2022 10:04:10,1652781850605,1,17/05/2022 11:04:10,86605,11,questionnaire-e3lq,,21931678,px3t3t75,6477248,,complete,,,computer,Desktop or Laptop,Mac OS 10.15.7,Safari 15.4,1680x1050,1680x998,,Rating - warmth and competence 2,2,No,rating_similarity-2,5
5,1652781850721,17/05/2022 10:04:10,1652781850605,1,17/05/2022 11:04:10,86605,11,questionnaire-e3lq,,21931678,px3t3t75,6477248,,complete,,,computer,Desktop or Laptop,Mac OS 10.15.7,Safari 15.4,1680x1050,1680x998,,Rating - warmth and competence 2,2,No,rating_similarity-2-quantised,5
6,1652781850721,17/05/2022 10:04:10,1652781850605,1,17/05/2022 11:04:10,86605,11,questionnaire-e3lq,,21931678,px3t3t75,6477248,,complete,,,computer,Desktop or Laptop,Mac OS 10.15.7,Safari 15.4,1680x1050,1680x998,,Rating - warmth and competence 2,2,No,rating_attractiveness-2,6
7,1652781850721,17/05/2022 10:04:10,1652781850605,1,17/05/2022 11:04:10,86605,11,questionnaire-e3lq,,21931678,px3t3t75,6477248,,complete,,,computer,Desktop or Laptop,Mac OS 10.15.7,Safari 15.4,1680x1050,1680x998,,Rating - warmth and competence 2,2,No,rating_attractiveness-2-quantised,6
8,1652781850721,17/05/2022 10:04:10,1652781850605,1,17/05/2022 11:04:10,86605,11,questionnaire-e3lq,,21931678,px3t3t75,6477248,,complete,,,computer,Desktop or Laptop,Mac OS 10.15.7,Safari 15.4,1680x1050,1680x998,,Rating - warmth and competence 2,2,No,rating_art_knowledge-2,4
9,1652781850721,17/05/2022 10:04:10,1652781850605,1,17/05/2022 11:04:10,86605,11,questionnaire-e3lq,,21931678,px3t3t75,6477248,,complete,,,computer,Desktop or Laptop,Mac OS 10.15.7,Safari 15.4,1680x1050,1680x998,,Rating - warmth and competence 2,2,No,rating_art_knowledge-2-quantised,4
10,1652781850721,17/05/2022 10:04:10,1652781850605,1,17/05/2022 11:04:10,86605,11,questionnaire-e3lq,,21931678,px3t3t75,6477248,,complete,,,computer,Desktop or Laptop,Mac OS 10.15.7,Safari 15.4,1680x1050,1680x998,,Rating - warmth and competence 2,2,No,rating_competent-2,5
11,1652781850721,17/05/2022 10:04:10,1652781850605,1,17/05/2022 11:04:10,86605,11,questionnaire-e3lq,,21931678,px3t3t75,6477248,,complete,,,computer,Desktop or Laptop,Mac OS 10.15.7,Safari 15.4,1680x1050,1680x998,,Rating - warmth and competence 2,2,No,rating_competent-2-quantised,5
12,1652781850721,17/05/2022 10:04:10,1652781850605,1,17/05/2022 11:04:10,86605,11,questionnaire-e3lq,,21931678,px3t3t75,6477248,,complete,,,computer,Desktop or Laptop,Mac OS 10.15.7,Safari 15.4,1680x1050,1680x998,,Rating - warmth and competence 2,2,No,rating_rational-2,5
13,1652781850721,17/05/2022 10:04:10,1652781850606,1,17/05/2022 11:04:10,86605,11,questionnaire-e3lq,,21931678,px3t3t75,6477248,,complete,,,computer,Desktop or Laptop,Mac OS 10.15.7,Safari 15.4,1680x1050,1680x998,,Rating - warmth and competence 2,2,No,rating_rational-2-quantised,5
14,1652781850721,17/05/2022 10:04:10,1652781850606,1,17/05/2022 11:04:10,86605,11,questionnaire-e3lq,,21931678,px3t3t75,6477248,,complete,,,computer,Desktop or Laptop,Mac OS 10.15.7,Safari 15.4,1680x1050,1680x998,,Rating - warmth and competence 2,2,No,END QUESTIONNAIRE,13042
1,1652787566361,17/05/2022 11:39:26,1652787566257,1,17/05/2022 12:39:26,86605,11,questionnaire-e3lq,,21932957,uqsflpct,6477653,,complete,,,computer,Desktop or Laptop,Mac OS 10.15.7,Safari 15.4,1680x1050,1680x998,,Rating - warmth and competence 2,2,No,BEGIN QUESTIONNAIRE,
2,1652787588535,17/05/2022 11:39:48,1652787588414,1,17/05/2022 12:39:48,86605,11,questionnaire-e3lq,,21932957,uqsflpct,6477653,,complete,,,computer,Desktop or Laptop,Mac OS 10.15.7,Safari 15.4,1680x1050,1680x998,,Rating - warmth and competence 2,2,No,rating_friendly-2,4
3,1652787588566,17/05/2022 11:39:48,1652787588415,1,17/05/2022 12:39:48,86605,11,questionnaire-e3lq,,21932957,uqsflpct,6477653,,complete,,,computer,Desktop or Laptop,Mac OS 10.15.7,Safari 15.4,1680x1050,1680x998,,Rating - warmth and competence 2,2,No,rating_friendly-2-quantised,4
4,1652787588566,17/05/2022 11:39:48,1652787588415,1,17/05/2022 12:39:48,86605,11,questionnaire-e3lq,,21932957,uqsflpct,6477653,,complete,,,computer,Desktop or Laptop,Mac OS 10.15.7,Safari 15.4,1680x1050,1680x998,,Rating - warmth and competence 2,2,No,rating_similarity-2,4
5,1652787588566,17/05/2022 11:39:48,1652787588416,1,17/05/2022 12:39:48,86605,11,questionnaire-e3lq,,21932957,uqsflpct,6477653,,complete,,,computer,Desktop or Laptop,Mac OS 10.15.7,Safari 15.4,1680x1050,1680x998,,Rating - warmth and competence 2,2,No,rating_similarity-2-quantised,4
6,1652787588566,17/05/2022 11:39:48,1652787588416,1,17/05/2022 12:39:48,86605,11,questionnaire-e3lq,,21932957,uqsflpct,6477653,,complete,,,computer,Desktop or Laptop,Mac OS 10.15.7,Safari 15.4,1680x1050,1680x998,,Rating - warmth and competence 2,2,No,rating_attractiveness-2,4
7,1652787588566,17/05/2022 11:39:48,1652787588416,1,17/05/2022 12:39:48,86605,11,questionnaire-e3lq,,21932957,uqsflpct,6477653,,complete,,,computer,Desktop or Laptop,Mac OS 10.15.7,Safari 15.4,1680x1050,1680x998,,Rating - warmth and competence 2,2,No,rating_attractiveness-2-quantised,4
8,1652787588566,17/05/2022 11:39:48,1652787588416,1,17/05/2022 12:39:48,86605,11,questionnaire-e3lq,,21932957,uqsflpct,6477653,,complete,,,computer,Desktop or Laptop,Mac OS 10.15.7,Safari 15.4,1680x1050,1680x998,,Rating - warmth and competence 2,2,No,rating_art_knowledge-2,4
9,1652787588566,17/05/2022 11:39:48,1652787588416,1,17/05/2022 12:39:48,86605,11,questionnaire-e3lq,,21932957,uqsflpct,6477653,,complete,,,computer,Desktop or Laptop,Mac OS 10.15.7,Safari 15.4,1680x1050,1680x998,,Rating - warmth and competence 2,2,No,rating_art_knowledge-2-quantised,4
10,1652787588566,17/05/2022 11:39:48,1652787588416,1,17/05/2022 12:39:48,86605,11,questionnaire-e3lq,,21932957,uqsflpct,6477653,,complete,,,computer,Desktop or Laptop,Mac OS 10.15.7,Safari 15.4,1680x1050,1680x998,,Rating - warmth and competence 2,2,No,rating_competent-2,4
11,1652787588566,17/05/2022 11:39:48,1652787588416,1,17/05/2022 12:39:48,86605,11,questionnaire-e3lq,,21932957,uqsflpct,6477653,,complete,,,computer,Desktop or Laptop,Mac OS 10.15.7,Safari 15.4,1680x1050,1680x998,,Rating - warmth and competence 2,2,No,rating_competent-2-quantised,4
12,1652787588566,17/05/2022 11:39:48,1652787588416,1,17/05/2022 12:39:48,86605,11,questionnaire-e3lq,,21932957,uqsflpct,6477653,,complete,,,computer,Desktop or Laptop,Mac OS 10.15.7,Safari 15.4,1680x1050,1680x998,,Rating - warmth and competence 2,2,No,rating_rational-2,5
13,1652787588566,17/05/2022 11:39:48,1652787588416,1,17/05/2022 12:39:48,86605,11,questionnaire-e3lq,,21932957,uqsflpct,6477653,,complete,,,computer,Desktop or Laptop,Mac OS 10.15.7,Safari 15.4,1680x1050,1680x998,,Rating - warmth and competence 2,2,No,rating_rational-2-quantised,5
14,1652787588566,17/05/2022 11:39:48,1652787588416,1,17/05/2022 12:39:48,86605,11,questionnaire-e3lq,,21932957,uqsflpct,6477653,,complete,,,computer,Desktop or Laptop,Mac OS 10.15.7,Safari 15.4,1680x1050,1680x998,,Rating - warmth and competence 2,2,No,END QUESTIONNAIRE,22159
1,1652800953640,17/05/2022 15:22:33,1652800953569,1,17/05/2022 16:22:33,86605,11,questionnaire-e3lq,,21939372,bn6kbk9n,6479881,,complete,,,computer,Desktop or Laptop,Mac OS 10.15.7,Safari 15.4,1680x1050,1680x998,,Rating - warmth and competence 2,2,No,BEGIN QUESTIONNAIRE,
2,1652800976113,17/05/2022 15:22:56,1652800976041,1,17/05/2022 16:22:56,86605,11,questionnaire-e3lq,,21939372,bn6kbk9n,6479881,,complete,,,computer,Desktop or Laptop,Mac OS 10.15.7,Safari 15.4,1680x1050,1680x998,,Rating - warmth and competence 2,2,No,rating_friendly-2,5
3,1652800976164,17/05/2022 15:22:56,1652800976042,1,17/05/2022 16:22:56,86605,11,questionnaire-e3lq,,21939372,bn6kbk9n,6479881,,complete,,,computer,Desktop or Laptop,Mac OS 10.15.7,Safari 15.4,1680x1050,1680x998,,Rating - warmth and competence 2,2,No,rating_friendly-2-quantised,5
4,1652800976164,17/05/2022 15:22:56,1652800976043,1,17/05/2022 16:22:56,86605,11,questionnaire-e3lq,,21939372,bn6kbk9n,6479881,,complete,,,computer,Desktop or Laptop,Mac OS 10.15.7,Safari 15.4,1680x1050,1680x998,,Rating - warmth and competence 2,2,No,rating_similarity-2,5
5,1652800976164,17/05/2022 15:22:56,1652800976043,1,17/05/2022 16:22:56,86605,11,questionnaire-e3lq,,21939372,bn6kbk9n,6479881,,complete,,,computer,Desktop or Laptop,Mac OS 10.15.7,Safari 15.4,1680x1050,1680x998,,Rating - warmth and competence 2,2,No,rating_similarity-2-quantised,5
6,1652800976164,17/05/2022 15:22:56,1652800976043,1,17/05/2022 16:22:56,86605,11,questionnaire-e3lq,,21939372,bn6kbk9n,6479881,,complete,,,computer,Desktop or Laptop,Mac OS 10.15.7,Safari 15.4,1680x1050,1680x998,,Rating - warmth and competence 2,2,No,rating_attractiveness-2,6
7,1652800976164,17/05/2022 15:22:56,1652800976043,1,17/05/2022 16:22:56,86605,11,questionnaire-e3lq,,21939372,bn6kbk9n,6479881,,complete,,,computer,Desktop or Laptop,Mac OS 10.15.7,Safari 15.4,1680x1050,1680x998,,Rating - warmth and competence 2,2,No,rating_attractiveness-2-quantised,6
8,1652800976164,17/05/2022 15:22:56,1652800976043,1,17/05/2022 16:22:56,86605,11,questionnaire-e3lq,,21939372,bn6kbk9n,6479881,,complete,,,computer,Desktop or Laptop,Mac OS 10.15.7,Safari 15.4,1680x1050,1680x998,,Rating - warmth and competence 2,2,No,rating_art_knowledge-2,4
9,1652800976164,17/05/2022 15:22:56,1652800976043,1,17/05/2022 16:22:56,86605,11,questionnaire-e3lq,,21939372,bn6kbk9n,6479881,,complete,,,computer,Desktop or Laptop,Mac OS 10.15.7,Safari 15.4,1680x1050,1680x998,,Rating - warmth and competence 2,2,No,rating_art_knowledge-2-quantised,4
10,1652800976164,17/05/2022 15:22:56,1652800976043,1,17/05/2022 16:22:56,86605,11,questionnaire-e3lq,,21939372,bn6kbk9n,6479881,,complete,,,computer,Desktop or Laptop,Mac OS 10.15.7,Safari 15.4,1680x1050,1680x998,,Rating - warmth and competence 2,2,No,rating_competent-2,5
11,1652800976164,17/05/2022 15:22:56,1652800976043,1,17/05/2022 16:22:56,86605,11,questionnaire-e3lq,,21939372,bn6kbk9n,6479881,,complete,,,computer,Desktop or Laptop,Mac OS 10.15.7,Safari 15.4,1680x1050,1680x998,,Rating - warmth and competence 2,2,No,rating_competent-2-quantised,5
12,1652800976164,17/05/2022 15:22:56,1652800976043,1,17/05/2022 16:22:56,86605,11,questionnaire-e3lq,,21939372,bn6kbk9n,6479881,,complete,,,computer,Desktop or Laptop,Mac OS 10.15.7,Safari 15.4,1680x1050,1680x998,,Rating - warmth and competence 2,2,No,rating_rational-2,3
13,1652800976164,17/05/2022 15:22:56,1652800976043,1,17/05/2022 16:22:56,86605,11,questionnaire-e3lq,,21939372,bn6kbk9n,6479881,,complete,,,computer,Desktop or Laptop,Mac OS 10.15.7,Safari 15.4,1680x1050,1680x998,,Rating - warmth and competence 2,2,No,rating_rational-2-quantised,3
14,1652800976164,17/05/2022 15:22:56,1652800976043,1,17/05/2022 16:22:56,86605,11,questionnaire-e3lq,,21939372,bn6kbk9n,6479881,,complete,,,computer,Desktop or Laptop,Mac OS 10.15.7,Safari 15.4,1680x1050,1680x998,,Rating - warmth and competence 2,2,No,END QUESTIONNAIRE,22474
1,1652805742081,17/05/2022 16:42:22,1652805741965,1,17/05/2022 17:42:21,86605,11,questionnaire-e3lq,,21946064,x3nqy34h,6480699,,complete,,,computer,Desktop or Laptop,Mac OS 10.15.7,Safari 15.4,1680x1050,1680x998,,Rating - warmth and competence 2,2,No,BEGIN QUESTIONNAIRE,
2,1652805771510,17/05/2022 16:42:51,1652805771425,1,17/05/2022 17:42:51,86605,11,questionnaire-e3lq,,21946064,x3nqy34h,6480699,,complete,,,computer,Desktop or Laptop,Mac OS 10.15.7,Safari 15.4,1680x1050,1680x998,,Rating - warmth and competence 2,2,No,rating_friendly-2,5
3,1652805771548,17/05/2022 16:42:51,1652805771426,1,17/05/2022 17:42:51,86605,11,questionnaire-e3lq,,21946064,x3nqy34h,6480699,,complete,,,computer,Desktop or Laptop,Mac OS 10.15.7,Safari 15.4,1680x1050,1680x998,,Rating - warmth and competence 2,2,No,rating_friendly-2-quantised,5
4,1652805771548,17/05/2022 16:42:51,1652805771426,1,17/05/2022 17:42:51,86605,11,questionnaire-e3lq,,21946064,x3nqy34h,6480699,,complete,,,computer,Desktop or Laptop,Mac OS 10.15.7,Safari 15.4,1680x1050,1680x998,,Rating - warmth and competence 2,2,No,rating_similarity-2,4
5,1652805771548,17/05/2022 16:42:51,1652805771426,1,17/05/2022 17:42:51,86605,11,questionnaire-e3lq,,21946064,x3nqy34h,6480699,,complete,,,computer,Desktop or Laptop,Mac OS 10.15.7,Safari 15.4,1680x1050,1680x998,,Rating - warmth and competence 2,2,No,rating_similarity-2-quantised,4
6,1652805771548,17/05/2022 16:42:51,1652805771426,1,17/05/2022 17:42:51,86605,11,questionnaire-e3lq,,21946064,x3nqy34h,6480699,,complete,,,computer,Desktop or Laptop,Mac OS 10.15.7,Safari 15.4,1680x1050,1680x998,,Rating - warmth and competence 2,2,No,rating_attractiveness-2,6
7,1652805771548,17/05/2022 16:42:51,1652805771427,1,17/05/2022 17:42:51,86605,11,questionnaire-e3lq,,21946064,x3nqy34h,6480699,,complete,,,computer,Desktop or Laptop,Mac OS 10.15.7,Safari 15.4,1680x1050,1680x998,,Rating - warmth and competence 2,2,No,rating_attractiveness-2-quantised,6
8,1652805771548,17/05/2022 16:42:51,1652805771427,1,17/05/2022 17:42:51,86605,11,questionnaire-e3lq,,21946064,x3nqy34h,6480699,,complete,,,computer,Desktop or Laptop,Mac OS 10.15.7,Safari 15.4,1680x1050,1680x998,,Rating - warmth and competence 2,2,No,rating_art_knowledge-2,1
9,1652805771548,17/05/2022 16:42:51,1652805771427,1,17/05/2022 17:42:51,86605,11,questionnaire-e3lq,,21946064,x3nqy34h,6480699,,complete,,,computer,Desktop or Laptop,Mac OS 10.15.7,Safari 15.4,1680x1050,1680x998,,Rating - warmth and competence 2,2,No,rating_art_knowledge-2-quantised,1
10,1652805771548,17/05/2022 16:42:51,1652805771427,1,17/05/2022 17:42:51,86605,11,questionnaire-e3lq,,21946064,x3nqy34h,6480699,,complete,,,computer,Desktop or Laptop,Mac OS 10.15.7,Safari 15.4,1680x1050,1680x998,,Rating - warmth and competence 2,2,No,rating_competent-2,2
11,1652805771548,17/05/2022 16:42:51,1652805771427,1,17/05/2022 17:42:51,86605,11,questionnaire-e3lq,,21946064,x3nqy34h,6480699,,complete,,,computer,Desktop or Laptop,Mac OS 10.15.7,Safari 15.4,1680x1050,1680x998,,Rating - warmth and competence 2,2,No,rating_competent-2-quantised,2
12,1652805771548,17/05/2022 16:42:51,1652805771427,1,17/05/2022 17:42:51,86605,11,questionnaire-e3lq,,21946064,x3nqy34h,6480699,,complete,,,computer,Desktop or Laptop,Mac OS 10.15.7,Safari 15.4,1680x1050,1680x998,,Rating - warmth and competence 2,2,No,rating_rational-2,1
13,1652805771548,17/05/2022 16:42:51,1652805771427,1,17/05/2022 17:42:51,86605,11,questionnaire-e3lq,,21946064,x3nqy34h,6480699,,complete,,,computer,Desktop or Laptop,Mac OS 10.15.7,Safari 15.4,1680x1050,1680x998,,Rating - warmth and competence 2,2,No,rating_rational-2-quantised,1
14,1652805771548,17/05/2022 16:42:51,1652805771427,1,17/05/2022 17:42:51,86605,11,questionnaire-e3lq,,21946064,x3nqy34h,6480699,,complete,,,computer,Desktop or Laptop,Mac OS 10.15.7,Safari 15.4,1680x1050,1680x998,,Rating - warmth and competence 2,2,No,END QUESTIONNAIRE,29462
1,1652866037259,18/05/2022 09:27:17,1652866037174,1,18/05/2022 10:27:17,86605,11,questionnaire-e3lq,,21961134,h5s6ck19,6483952,,complete,,,computer,Desktop or Laptop,Mac OS 10.15.7,Safari 15.4,1680x1050,1680x998,,Rating - warmth and competence 2,2,No,BEGIN QUESTIONNAIRE,
2,1652866052183,18/05/2022 09:27:32,1652866052141,1,18/05/2022 10:27:32,86605,11,questionnaire-e3lq,,21961134,h5s6ck19,6483952,,complete,,,computer,Desktop or Laptop,Mac OS 10.15.7,Safari 15.4,1680x1050,1680x998,,Rating - warmth and competence 2,2,No,rating_friendly-2,5
3,1652866052285,18/05/2022 09:27:32,1652866052143,1,18/05/2022 10:27:32,86605,11,questionnaire-e3lq,,21961134,h5s6ck19,6483952,,complete,,,computer,Desktop or Laptop,Mac OS 10.15.7,Safari 15.4,1680x1050,1680x998,,Rating - warmth and competence 2,2,No,rating_friendly-2-quantised,5
4,1652866052285,18/05/2022 09:27:32,1652866052143,1,18/05/2022 10:27:32,86605,11,questionnaire-e3lq,,21961134,h5s6ck19,6483952,,complete,,,computer,Desktop or Laptop,Mac OS 10.15.7,Safari 15.4,1680x1050,1680x998,,Rating - warmth and competence 2,2,No,rating_similarity-2,4
5,1652866052285,18/05/2022 09:27:32,1652866052143,1,18/05/2022 10:27:32,86605,11,questionnaire-e3lq,,21961134,h5s6ck19,6483952,,complete,,,computer,Desktop or Laptop,Mac OS 10.15.7,Safari 15.4,1680x1050,1680x998,,Rating - warmth and competence 2,2,No,rating_similarity-2-quantised,4
6,1652866052285,18/05/2022 09:27:32,1652866052143,1,18/05/2022 10:27:32,86605,11,questionnaire-e3lq,,21961134,h5s6ck19,6483952,,complete,,,computer,Desktop or Laptop,Mac OS 10.15.7,Safari 15.4,1680x1050,1680x998,,Rating - warmth and competence 2,2,No,rating_attractiveness-2,5
7,1652866052285,18/05/2022 09:27:32,1652866052143,1,18/05/2022 10:27:32,86605,11,questionnaire-e3lq,,21961134,h5s6ck19,6483952,,complete,,,computer,Desktop or Laptop,Mac OS 10.15.7,Safari 15.4,1680x1050,1680x998,,Rating - warmth and competence 2,2,No,rating_attractiveness-2-quantised,5
8,1652866052285,18/05/2022 09:27:32,1652866052143,1,18/05/2022 10:27:32,86605,11,questionnaire-e3lq,,21961134,h5s6ck19,6483952,,complete,,,computer,Desktop or Laptop,Mac OS 10.15.7,Safari 15.4,1680x1050,1680x998,,Rating - warmth and competence 2,2,No,rating_art_knowledge-2,4
9,1652866052285,18/05/2022 09:27:32,1652866052143,1,18/05/2022 10:27:32,86605,11,questionnaire-e3lq,,21961134,h5s6ck19,6483952,,complete,,,computer,Desktop or Laptop,Mac OS 10.15.7,Safari 15.4,1680x1050,1680x998,,Rating - warmth and competence 2,2,No,rating_art_knowledge-2-quantised,4
10,1652866052285,18/05/2022 09:27:32,1652866052144,1,18/05/2022 10:27:32,86605,11,questionnaire-e3lq,,21961134,h5s6ck19,6483952,,complete,,,computer,Desktop or Laptop,Mac OS 10.15.7,Safari 15.4,1680x1050,1680x998,,Rating - warmth and competence 2,2,No,rating_competent-2,4
11,1652866052285,18/05/2022 09:27:32,1652866052144,1,18/05/2022 10:27:32,86605,11,questionnaire-e3lq,,21961134,h5s6ck19,6483952,,complete,,,computer,Desktop or Laptop,Mac OS 10.15.7,Safari 15.4,1680x1050,1680x998,,Rating - warmth and competence 2,2,No,rating_competent-2-quantised,4
12,1652866052285,18/05/2022 09:27:32,1652866052144,1,18/05/2022 10:27:32,86605,11,questionnaire-e3lq,,21961134,h5s6ck19,6483952,,complete,,,computer,Desktop or Laptop,Mac OS 10.15.7,Safari 15.4,1680x1050,1680x998,,Rating - warmth and competence 2,2,No,rating_rational-2,5
13,1652866052285,18/05/2022 09:27:32,1652866052144,1,18/05/2022 10:27:32,86605,11,questionnaire-e3lq,,21961134,h5s6ck19,6483952,,complete,,,computer,Desktop or Laptop,Mac OS 10.15.7,Safari 15.4,1680x1050,1680x998,,Rating - warmth and competence 2,2,No,rating_rational-2-quantised,5
14,1652866052285,18/05/2022 09:27:32,1652866052144,1,18/05/2022 10:27:32,86605,11,questionnaire-e3lq,,21961134,h5s6ck19,6483952,,complete,,,computer,Desktop or Laptop,Mac OS 10.15.7,Safari 15.4,1680x1050,1680x998,,Rating - warmth and competence 2,2,No,END QUESTIONNAIRE,14970
1,1652871524983,18/05/2022 10:58:44,1652871524838,1,18/05/2022 11:58:44,86605,11,questionnaire-e3lq,,21963604,5o36rzfx,6484613,,complete,,,computer,Desktop or Laptop,Mac OS 10.15.7,Safari 15.4,1680x1050,1680x998,,Rating - warmth and competence 2,2,No,BEGIN QUESTIONNAIRE,
2,1652871545677,18/05/2022 10:59:05,1652871545572,1,18/05/2022 11:59:05,86605,11,questionnaire-e3lq,,21963604,5o36rzfx,6484613,,complete,,,computer,Desktop or Laptop,Mac OS 10.15.7,Safari 15.4,1680x1050,1680x998,,Rating - warmth and competence 2,2,No,rating_friendly-2,6
3,1652871546150,18/05/2022 10:59:06,1652871545574,1,18/05/2022 11:59:05,86605,11,questionnaire-e3lq,,21963604,5o36rzfx,6484613,,complete,,,computer,Desktop or Laptop,Mac OS 10.15.7,Safari 15.4,1680x1050,1680x998,,Rating - warmth and competence 2,2,No,rating_friendly-2-quantised,6
4,1652871546150,18/05/2022 10:59:06,1652871545574,1,18/05/2022 11:59:05,86605,11,questionnaire-e3lq,,21963604,5o36rzfx,6484613,,complete,,,computer,Desktop or Laptop,Mac OS 10.15.7,Safari 15.4,1680x1050,1680x998,,Rating - warmth and competence 2,2,No,rating_similarity-2,4
5,1652871546150,18/05/2022 10:59:06,1652871545574,1,18/05/2022 11:59:05,86605,11,questionnaire-e3lq,,21963604,5o36rzfx,6484613,,complete,,,computer,Desktop or Laptop,Mac OS 10.15.7,Safari 15.4,1680x1050,1680x998,,Rating - warmth and competence 2,2,No,rating_similarity-2-quantised,4
6,1652871546150,18/05/2022 10:59:06,1652871545574,1,18/05/2022 11:59:05,86605,11,questionnaire-e3lq,,21963604,5o36rzfx,6484613,,complete,,,computer,Desktop or Laptop,Mac OS 10.15.7,Safari 15.4,1680x1050,1680x998,,Rating - warmth and competence 2,2,No,rating_attractiveness-2,5
7,1652871546150,18/05/2022 10:59:06,1652871545574,1,18/05/2022 11:59:05,86605,11,questionnaire-e3lq,,21963604,5o36rzfx,6484613,,complete,,,computer,Desktop or Laptop,Mac OS 10.15.7,Safari 15.4,1680x1050,1680x998,,Rating - warmth and competence 2,2,No,rating_attractiveness-2-quantised,5
8,1652871546150,18/05/2022 10:59:06,1652871545574,1,18/05/2022 11:59:05,86605,11,questionnaire-e3lq,,21963604,5o36rzfx,6484613,,complete,,,computer,Desktop or Laptop,Mac OS 10.15.7,Safari 15.4,1680x1050,1680x998,,Rating - warmth and competence 2,2,No,rating_art_knowledge-2,3
9,1652871546150,18/05/2022 10:59:06,1652871545574,1,18/05/2022 11:59:05,86605,11,questionnaire-e3lq,,21963604,5o36rzfx,6484613,,complete,,,computer,Desktop or Laptop,Mac OS 10.15.7,Safari 15.4,1680x1050,1680x998,,Rating - warmth and competence 2,2,No,rating_art_knowledge-2-quantised,3
10,1652871546150,18/05/2022 10:59:06,1652871545575,1,18/05/2022 11:59:05,86605,11,questionnaire-e3lq,,21963604,5o36rzfx,6484613,,complete,,,computer,Desktop or Laptop,Mac OS 10.15.7,Safari 15.4,1680x1050,1680x998,,Rating - warmth and competence 2,2,No,rating_competent-2,4
11,1652871546150,18/05/2022 10:59:06,1652871545575,1,18/05/2022 11:59:05,86605,11,questionnaire-e3lq,,21963604,5o36rzfx,6484613,,complete,,,computer,Desktop or Laptop,Mac OS 10.15.7,Safari 15.4,1680x1050,1680x998,,Rating - warmth and competence 2,2,No,rating_competent-2-quantised,4
12,1652871546150,18/05/2022 10:59:06,1652871545575,1,18/05/2022 11:59:05,86605,11,questionnaire-e3lq,,21963604,5o36rzfx,6484613,,complete,,,computer,Desktop or Laptop,Mac OS 10.15.7,Safari 15.4,1680x1050,1680x998,,Rating - warmth and competence 2,2,No,rating_rational-2,4
13,1652871546150,18/05/2022 10:59:06,1652871545575,1,18/05/2022 11:59:05,86605,11,questionnaire-e3lq,,21963604,5o36rzfx,6484613,,complete,,,computer,Desktop or Laptop,Mac OS 10.15.7,Safari 15.4,1680x1050,1680x998,,Rating - warmth and competence 2,2,No,rating_rational-2-quantised,4
14,1652871546150,18/05/2022 10:59:06,1652871545575,1,18/05/2022 11:59:05,86605,11,questionnaire-e3lq,,21963604,5o36rzfx,6484613,,complete,,,computer,Desktop or Laptop,Mac OS 10.15.7,Safari 15.4,1680x1050,1680x998,,Rating - warmth and competence 2,2,No,END QUESTIONNAIRE,20737
1,1652889661924,18/05/2022 16:01:01,1652889661824,1,18/05/2022 17:01:01,86605,11,questionnaire-e3lq,,21970659,bdxxxsvf,6486562,,complete,,,computer,Desktop or Laptop,Mac OS 10.15.7,Safari 15.4,1680x1050,1680x998,,Rating - warmth and competence 2,2,No,BEGIN QUESTIONNAIRE,
2,1652889677265,18/05/2022 16:01:17,1652889677201,1,18/05/2022 17:01:17,86605,11,questionnaire-e3lq,,21970659,bdxxxsvf,6486562,,complete,,,computer,Desktop or Laptop,Mac OS 10.15.7,Safari 15.4,1680x1050,1680x998,,Rating - warmth and competence 2,2,No,rating_friendly-2,6
3,1652889677324,18/05/2022 16:01:17,1652889677202,1,18/05/2022 17:01:17,86605,11,questionnaire-e3lq,,21970659,bdxxxsvf,6486562,,complete,,,computer,Desktop or Laptop,Mac OS 10.15.7,Safari 15.4,1680x1050,1680x998,,Rating - warmth and competence 2,2,No,rating_friendly-2-quantised,6
4,1652889677324,18/05/2022 16:01:17,1652889677203,1,18/05/2022 17:01:17,86605,11,questionnaire-e3lq,,21970659,bdxxxsvf,6486562,,complete,,,computer,Desktop or Laptop,Mac OS 10.15.7,Safari 15.4,1680x1050,1680x998,,Rating - warmth and competence 2,2,No,rating_similarity-2,3
5,1652889677324,18/05/2022 16:01:17,1652889677203,1,18/05/2022 17:01:17,86605,11,questionnaire-e3lq,,21970659,bdxxxsvf,6486562,,complete,,,computer,Desktop or Laptop,Mac OS 10.15.7,Safari 15.4,1680x1050,1680x998,,Rating - warmth and competence 2,2,No,rating_similarity-2-quantised,3
6,1652889677324,18/05/2022 16:01:17,1652889677203,1,18/05/2022 17:01:17,86605,11,questionnaire-e3lq,,21970659,bdxxxsvf,6486562,,complete,,,computer,Desktop or Laptop,Mac OS 10.15.7,Safari 15.4,1680x1050,1680x998,,Rating - warmth and competence 2,2,No,rating_attractiveness-2,6
7,1652889677324,18/05/2022 16:01:17,1652889677203,1,18/05/2022 17:01:17,86605,11,questionnaire-e3lq,,21970659,bdxxxsvf,6486562,,complete,,,computer,Desktop or Laptop,Mac OS 10.15.7,Safari 15.4,1680x1050,1680x998,,Rating - warmth and competence 2,2,No,rating_attractiveness-2-quantised,6
8,1652889677324,18/05/2022 16:01:17,1652889677203,1,18/05/2022 17:01:17,86605,11,questionnaire-e3lq,,21970659,bdxxxsvf,6486562,,complete,,,computer,Desktop or Laptop,Mac OS 10.15.7,Safari 15.4,1680x1050,1680x998,,Rating - warmth and competence 2,2,No,rating_art_knowledge-2,4
9,1652889677324,18/05/2022 16:01:17,1652889677203,1,18/05/2022 17:01:17,86605,11,questionnaire-e3lq,,21970659,bdxxxsvf,6486562,,complete,,,computer,Desktop or Laptop,Mac OS 10.15.7,Safari 15.4,1680x1050,1680x998,,Rating - warmth and competence 2,2,No,rating_art_knowledge-2-quantised,4
10,1652889677324,18/05/2022 16:01:17,1652889677203,1,18/05/2022 17:01:17,86605,11,questionnaire-e3lq,,21970659,bdxxxsvf,6486562,,complete,,,computer,Desktop or Laptop,Mac OS 10.15.7,Safari 15.4,1680x1050,1680x998,,Rating - warmth and competence 2,2,No,rating_competent-2,6
11,1652889677324,18/05/2022 16:01:17,1652889677203,1,18/05/2022 17:01:17,86605,11,questionnaire-e3lq,,21970659,bdxxxsvf,6486562,,complete,,,computer,Desktop or Laptop,Mac OS 10.15.7,Safari 15.4,1680x1050,1680x998,,Rating - warmth and competence 2,2,No,rating_competent-2-quantised,6
12,1652889677324,18/05/2022 16:01:17,1652889677203,1,18/05/2022 17:01:17,86605,11,questionnaire-e3lq,,21970659,bdxxxsvf,6486562,,complete,,,computer,Desktop or Laptop,Mac OS 10.15.7,Safari 15.4,1680x1050,1680x998,,Rating - warmth and competence 2,2,No,rating_rational-2,5
13,1652889677324,18/05/2022 16:01:17,1652889677203,1,18/05/2022 17:01:17,86605,11,questionnaire-e3lq,,21970659,bdxxxsvf,6486562,,complete,,,computer,Desktop or Laptop,Mac OS 10.15.7,Safari 15.4,1680x1050,1680x998,,Rating - warmth and competence 2,2,No,rating_rational-2-quantised,5
14,1652889677324,18/05/2022 16:01:17,1652889677203,1,18/05/2022 17:01:17,86605,11,questionnaire-e3lq,,21970659,bdxxxsvf,6486562,,complete,,,computer,Desktop or Laptop,Mac OS 10.15.7,Safari 15.4,1680x1050,1680x998,,Rating - warmth and competence 2,2,No,END QUESTIONNAIRE,15379
END OF FILE
